unit,s_adj,nace_r2,na_item,geo,time,values
CLV05_MEUR,SCA,TOTAL,GValueAdd,AT,1995-01-01,44020.9
CLV05_MEUR,SCA,TOTAL,GValueAdd,AT,1995-04-01,44282.8
CLV05_MEUR,SCA,TOTAL,GValueAdd,AT,1995-07-01,44463.9
CLV05_MEUR,SCA,TOTAL,GValueAdd,AT,1995-10-01,44783.7
CLV05_MEUR,SCA,TOTAL,GValueAdd,AT,1996-01-01,44787.3
CLV05_MEUR,SCA,TOTAL,GValueAdd,AT,1996-04-01,45188
CLV05_MEUR,SCA,TOTAL,GValueAdd,AT,1996-07-01,45328.3
CLV05_MEUR,SCA,TOTAL,GValueAdd,AT,1996-10-01,45442.3
CLV05_MEUR,SCA,TOTAL,GValueAdd,AT,1997-01-01,45602.8
CLV05_MEUR,SCA,TOTAL,GValueAdd,AT,1997-04-01,45765.6
CLV05_MEUR,SCA,TOTAL,GValueAdd,AT,1997-07-01,46431.6
CLV05_MEUR,SCA,TOTAL,GValueAdd,AT,1997-10-01,46944.1
CLV05_MEUR,SCA,TOTAL,GValueAdd,AT,1998-01-01,47330.2
CLV05_MEUR,SCA,TOTAL,GValueAdd,AT,1998-04-01,47862
CLV05_MEUR,SCA,TOTAL,GValueAdd,AT,1998-07-01,48233.7
CLV05_MEUR,SCA,TOTAL,GValueAdd,AT,1998-10-01,48386.2
CLV05_MEUR,SCA,TOTAL,GValueAdd,AT,1999-01-01,48503
CLV05_MEUR,SCA,TOTAL,GValueAdd,AT,1999-04-01,49151.9
CLV05_MEUR,SCA,TOTAL,GValueAdd,AT,1999-07-01,50066.3
CLV05_MEUR,SCA,TOTAL,GValueAdd,AT,1999-10-01,50135.6
CLV05_MEUR,SCA,TOTAL,GValueAdd,AT,2000-01-01,50808.9
CLV05_MEUR,SCA,TOTAL,GValueAdd,AT,2000-04-01,51232
CLV05_MEUR,SCA,TOTAL,GValueAdd,AT,2000-07-01,51566
CLV05_MEUR,SCA,TOTAL,GValueAdd,AT,2000-10-01,52295.1
CLV05_MEUR,SCA,TOTAL,GValueAdd,AT,2001-01-01,52215.7
CLV05_MEUR,SCA,TOTAL,GValueAdd,AT,2001-04-01,52051
CLV05_MEUR,SCA,TOTAL,GValueAdd,AT,2001-07-01,52149.7
CLV05_MEUR,SCA,TOTAL,GValueAdd,AT,2001-10-01,52244.3
CLV05_MEUR,SCA,TOTAL,GValueAdd,AT,2002-01-01,53033.3
CLV05_MEUR,SCA,TOTAL,GValueAdd,AT,2002-04-01,52876.2
CLV05_MEUR,SCA,TOTAL,GValueAdd,AT,2002-07-01,53074.6
CLV05_MEUR,SCA,TOTAL,GValueAdd,AT,2002-10-01,52979.2
CLV05_MEUR,SCA,TOTAL,GValueAdd,AT,2003-01-01,53457
CLV05_MEUR,SCA,TOTAL,GValueAdd,AT,2003-04-01,53414.8
CLV05_MEUR,SCA,TOTAL,GValueAdd,AT,2003-07-01,53757.2
CLV05_MEUR,SCA,TOTAL,GValueAdd,AT,2003-10-01,53830.5
CLV05_MEUR,SCA,TOTAL,GValueAdd,AT,2004-01-01,54345.3
CLV05_MEUR,SCA,TOTAL,GValueAdd,AT,2004-04-01,54953.8
CLV05_MEUR,SCA,TOTAL,GValueAdd,AT,2004-07-01,55401.3
CLV05_MEUR,SCA,TOTAL,GValueAdd,AT,2004-10-01,55527.4
CLV05_MEUR,SCA,TOTAL,GValueAdd,AT,2005-01-01,55489.9
CLV05_MEUR,SCA,TOTAL,GValueAdd,AT,2005-04-01,56371.3
CLV05_MEUR,SCA,TOTAL,GValueAdd,AT,2005-07-01,56643.4
CLV05_MEUR,SCA,TOTAL,GValueAdd,AT,2005-10-01,57231.6
CLV05_MEUR,SCA,TOTAL,GValueAdd,AT,2006-01-01,57819.1
CLV05_MEUR,SCA,TOTAL,GValueAdd,AT,2006-04-01,58265.8
CLV05_MEUR,SCA,TOTAL,GValueAdd,AT,2006-07-01,58794
CLV05_MEUR,SCA,TOTAL,GValueAdd,AT,2006-10-01,59638
CLV05_MEUR,SCA,TOTAL,GValueAdd,AT,2007-01-01,60146.2
CLV05_MEUR,SCA,TOTAL,GValueAdd,AT,2007-04-01,60697.1
CLV05_MEUR,SCA,TOTAL,GValueAdd,AT,2007-07-01,61090.5
CLV05_MEUR,SCA,TOTAL,GValueAdd,AT,2007-10-01,61512.2
CLV05_MEUR,SCA,TOTAL,GValueAdd,AT,2008-01-01,62242.4
CLV05_MEUR,SCA,TOTAL,GValueAdd,AT,2008-04-01,62504.7
CLV05_MEUR,SCA,TOTAL,GValueAdd,AT,2008-07-01,62163.8
CLV05_MEUR,SCA,TOTAL,GValueAdd,AT,2008-10-01,60666.8
CLV05_MEUR,SCA,TOTAL,GValueAdd,AT,2009-01-01,59545
CLV05_MEUR,SCA,TOTAL,GValueAdd,AT,2009-04-01,59000.3
CLV05_MEUR,SCA,TOTAL,GValueAdd,AT,2009-07-01,59206.5
CLV05_MEUR,SCA,TOTAL,GValueAdd,AT,2009-10-01,59456.9
CLV05_MEUR,SCA,TOTAL,GValueAdd,AT,2010-01-01,59175.7
CLV05_MEUR,SCA,TOTAL,GValueAdd,AT,2010-04-01,60060.5
CLV05_MEUR,SCA,TOTAL,GValueAdd,AT,2010-07-01,60792.9
CLV05_MEUR,SCA,TOTAL,GValueAdd,AT,2010-10-01,61507
CLV05_MEUR,SCA,TOTAL,GValueAdd,AT,2011-01-01,61918.8
CLV05_MEUR,SCA,TOTAL,GValueAdd,AT,2011-04-01,62412.4
CLV05_MEUR,SCA,TOTAL,GValueAdd,AT,2011-07-01,62629
CLV05_MEUR,SCA,TOTAL,GValueAdd,AT,2011-10-01,62760.7
CLV05_MEUR,SCA,TOTAL,GValueAdd,AT,2012-01-01,63205.6
CLV05_MEUR,SCA,TOTAL,GValueAdd,AT,2012-04-01,62745.4
CLV05_MEUR,SCA,TOTAL,GValueAdd,AT,2012-07-01,62723.1
CLV05_MEUR,SCA,TOTAL,GValueAdd,AT,2012-10-01,62528.1
CLV05_MEUR,SCA,TOTAL,GValueAdd,AT,2013-01-01,62639.3
CLV05_MEUR,SCA,TOTAL,GValueAdd,AT,2013-04-01,62715.3
CLV05_MEUR,SCA,TOTAL,GValueAdd,AT,2013-07-01,62878.7
CLV05_MEUR,SCA,TOTAL,GValueAdd,AT,2013-10-01,63228.3
CLV05_MEUR,SCA,TOTAL,GValueAdd,AT,2014-01-01,63144.3
CLV05_MEUR,SCA,TOTAL,GValueAdd,AT,2014-04-01,63385.3
CLV05_MEUR,SCA,TOTAL,GValueAdd,AT,2014-07-01,63538.8
CLV05_MEUR,SCA,TOTAL,GValueAdd,AT,2014-10-01,63445.2
CLV05_MEUR,SCA,TOTAL,GValueAdd,AT,2015-01-01,63588.9
CLV05_MEUR,SCA,TOTAL,GValueAdd,AT,2015-04-01,63652.9
CLV05_MEUR,SCA,TOTAL,GValueAdd,AT,2015-07-01,64155
CLV05_MEUR,SCA,TOTAL,GValueAdd,AT,2015-10-01,64176.2
CLV05_MEUR,SCA,TOTAL,GValueAdd,AT,2016-01-01,64606.6
CLV05_MEUR,SCA,TOTAL,GValueAdd,AT,2016-04-01,64862.7
CLV05_MEUR,SCA,TOTAL,GValueAdd,AT,2016-07-01,65197.7
CLV05_MEUR,SCA,TOTAL,GValueAdd,AT,2016-10-01,65901.6
CLV05_MEUR,SCA,TOTAL,GValueAdd,AT,2017-01-01,66079.3
CLV05_MEUR,SCA,TOTAL,GValueAdd,AT,2017-04-01,66463.2
CLV05_MEUR,SCA,TOTAL,GValueAdd,AT,2017-07-01,66895.7
CLV05_MEUR,SCA,TOTAL,GValueAdd,AT,2017-10-01,67396
CLV05_MEUR,SCA,TOTAL,GValueAdd,AT,2018-01-01,67875.9
CLV05_MEUR,SCA,TOTAL,GValueAdd,AT,2018-04-01,68080.5
CLV05_MEUR,SCA,TOTAL,GValueAdd,AT,2018-07-01,68334.2
CLV05_MEUR,SCA,TOTAL,GValueAdd,AT,2018-10-01,69431.1
CLV05_MEUR,SCA,TOTAL,GValueAdd,AT,2019-01-01,69644.5
CLV05_MEUR,SCA,TOTAL,GValueAdd,AT,2019-04-01,69437.4
CLV05_MEUR,SCA,TOTAL,GValueAdd,AT,2019-07-01,69471.4
CLV05_MEUR,SCA,TOTAL,GValueAdd,AT,2019-10-01,69052
CLV05_MEUR,SCA,TOTAL,GValueAdd,AT,2020-01-01,67542
CLV05_MEUR,SCA,TOTAL,GValueAdd,AT,2020-04-01,60234.3
CLV05_MEUR,SCA,TOTAL,GValueAdd,AT,2020-07-01,66591.4
CLV05_MEUR,SCA,TOTAL,GValueAdd,AT,2020-10-01,64851.7
CLV05_MEUR,SCA,TOTAL,GValueAdd,AT,2021-01-01,63776.5
CLV05_MEUR,SCA,TOTAL,GValueAdd,AT,2021-04-01,66689.2
CLV05_MEUR,SCA,TOTAL,GValueAdd,AT,2021-07-01,69285.5
CLV05_MEUR,SCA,TOTAL,GValueAdd,AT,2021-10-01,68899.1
CLV05_MEUR,SCA,TOTAL,GValueAdd,AT,2022-01-01,69642.7
CLV05_MEUR,SCA,TOTAL,GValueAdd,AT,2022-04-01,71074.9
CLV05_MEUR,SCA,TOTAL,GValueAdd,AT,2022-07-01,71080
CLV05_MEUR,SCA,TOTAL,GValueAdd,AT,2022-10-01,70890.3
CLV05_MEUR,SCA,TOTAL,GValueAdd,AT,2023-01-01,70787.6
CLV05_MEUR,SCA,TOTAL,GValueAdd,AT,2023-04-01,70080.3
CLV05_MEUR,SCA,TOTAL,GValueAdd,AT,2023-07-01,69750.3
CLV05_MEUR,SCA,TOTAL,GValueAdd,AT,2023-10-01,69855.5
CLV05_MEUR,SCA,TOTAL,GValueAdd,AT,2024-01-01,69828.1
CLV05_MEUR,SCA,TOTAL,GValueAdd,AT,2024-04-01,69621.9
CLV05_MEUR,SCA,NA,Import,AT,1995-01-01,16967.9
CLV05_MEUR,SCA,NA,Import,AT,1995-04-01,17260
CLV05_MEUR,SCA,NA,Import,AT,1995-07-01,17106.2
CLV05_MEUR,SCA,NA,Import,AT,1995-10-01,17232.6
CLV05_MEUR,SCA,NA,Import,AT,1996-01-01,17623
CLV05_MEUR,SCA,NA,Import,AT,1996-04-01,17773.2
CLV05_MEUR,SCA,NA,Import,AT,1996-07-01,17827.2
CLV05_MEUR,SCA,NA,Import,AT,1996-10-01,18074.8
CLV05_MEUR,SCA,NA,Import,AT,1997-01-01,18593.5
CLV05_MEUR,SCA,NA,Import,AT,1997-04-01,18725.2
CLV05_MEUR,SCA,NA,Import,AT,1997-07-01,19536.3
CLV05_MEUR,SCA,NA,Import,AT,1997-10-01,19719.6
CLV05_MEUR,SCA,NA,Import,AT,1998-01-01,20216.1
CLV05_MEUR,SCA,NA,Import,AT,1998-04-01,20217.3
CLV05_MEUR,SCA,NA,Import,AT,1998-07-01,20288.4
CLV05_MEUR,SCA,NA,Import,AT,1998-10-01,20208.5
CLV05_MEUR,SCA,NA,Import,AT,1999-01-01,20336.1
CLV05_MEUR,SCA,NA,Import,AT,1999-04-01,20617.4
CLV05_MEUR,SCA,NA,Import,AT,1999-07-01,21363.8
CLV05_MEUR,SCA,NA,Import,AT,1999-10-01,21820.4
CLV05_MEUR,SCA,NA,Import,AT,2000-01-01,22185.4
CLV05_MEUR,SCA,NA,Import,AT,2000-04-01,22911.9
CLV05_MEUR,SCA,NA,Import,AT,2000-07-01,23368.3
CLV05_MEUR,SCA,NA,Import,AT,2000-10-01,24621.2
CLV05_MEUR,SCA,NA,Import,AT,2001-01-01,24839.7
CLV05_MEUR,SCA,NA,Import,AT,2001-04-01,24677.4
CLV05_MEUR,SCA,NA,Import,AT,2001-07-01,24080
CLV05_MEUR,SCA,NA,Import,AT,2001-10-01,24201.3
CLV05_MEUR,SCA,NA,Import,AT,2002-01-01,24737.1
CLV05_MEUR,SCA,NA,Import,AT,2002-04-01,24515.4
CLV05_MEUR,SCA,NA,Import,AT,2002-07-01,24173
CLV05_MEUR,SCA,NA,Import,AT,2002-10-01,24447.6
CLV05_MEUR,SCA,NA,Import,AT,2003-01-01,24969.9
CLV05_MEUR,SCA,NA,Import,AT,2003-04-01,24867.7
CLV05_MEUR,SCA,NA,Import,AT,2003-07-01,25597.2
CLV05_MEUR,SCA,NA,Import,AT,2003-10-01,25889.4
CLV05_MEUR,SCA,NA,Import,AT,2004-01-01,26135.2
CLV05_MEUR,SCA,NA,Import,AT,2004-04-01,26933
CLV05_MEUR,SCA,NA,Import,AT,2004-07-01,27853.9
CLV05_MEUR,SCA,NA,Import,AT,2004-10-01,28269.1
CLV05_MEUR,SCA,NA,Import,AT,2005-01-01,27250.5
CLV05_MEUR,SCA,NA,Import,AT,2005-04-01,28557.1
CLV05_MEUR,SCA,NA,Import,AT,2005-07-01,29486.6
CLV05_MEUR,SCA,NA,Import,AT,2005-10-01,29983.3
CLV05_MEUR,SCA,NA,Import,AT,2006-01-01,29584.2
CLV05_MEUR,SCA,NA,Import,AT,2006-04-01,30578.8
CLV05_MEUR,SCA,NA,Import,AT,2006-07-01,30702.9
CLV05_MEUR,SCA,NA,Import,AT,2006-10-01,31421.7
CLV05_MEUR,SCA,NA,Import,AT,2007-01-01,31911.9
CLV05_MEUR,SCA,NA,Import,AT,2007-04-01,31957.9
CLV05_MEUR,SCA,NA,Import,AT,2007-07-01,32557.8
CLV05_MEUR,SCA,NA,Import,AT,2007-10-01,32842.2
CLV05_MEUR,SCA,NA,Import,AT,2008-01-01,33311.3
CLV05_MEUR,SCA,NA,Import,AT,2008-04-01,33088.3
CLV05_MEUR,SCA,NA,Import,AT,2008-07-01,32359.5
CLV05_MEUR,SCA,NA,Import,AT,2008-10-01,31805.8
CLV05_MEUR,SCA,NA,Import,AT,2009-01-01,28531.1
CLV05_MEUR,SCA,NA,Import,AT,2009-04-01,28679.6
CLV05_MEUR,SCA,NA,Import,AT,2009-07-01,28965.7
CLV05_MEUR,SCA,NA,Import,AT,2009-10-01,29776.2
CLV05_MEUR,SCA,NA,Import,AT,2010-01-01,30395
CLV05_MEUR,SCA,NA,Import,AT,2010-04-01,32394.5
CLV05_MEUR,SCA,NA,Import,AT,2010-07-01,33257.2
CLV05_MEUR,SCA,NA,Import,AT,2010-10-01,33249.4
CLV05_MEUR,SCA,NA,Import,AT,2011-01-01,34133.4
CLV05_MEUR,SCA,NA,Import,AT,2011-04-01,34030.7
CLV05_MEUR,SCA,NA,Import,AT,2011-07-01,34696.8
CLV05_MEUR,SCA,NA,Import,AT,2011-10-01,34450.4
CLV05_MEUR,SCA,NA,Import,AT,2012-01-01,35080.9
CLV05_MEUR,SCA,NA,Import,AT,2012-04-01,34808.7
CLV05_MEUR,SCA,NA,Import,AT,2012-07-01,34561.3
CLV05_MEUR,SCA,NA,Import,AT,2012-10-01,34513.4
CLV05_MEUR,SCA,NA,Import,AT,2013-01-01,33564.7
CLV05_MEUR,SCA,NA,Import,AT,2013-04-01,34586.3
CLV05_MEUR,SCA,NA,Import,AT,2013-07-01,35320.4
CLV05_MEUR,SCA,NA,Import,AT,2013-10-01,36035.2
CLV05_MEUR,SCA,NA,Import,AT,2014-01-01,35439.2
CLV05_MEUR,SCA,NA,Import,AT,2014-04-01,35570
CLV05_MEUR,SCA,NA,Import,AT,2014-07-01,36225.9
CLV05_MEUR,SCA,NA,Import,AT,2014-10-01,36413.4
CLV05_MEUR,SCA,NA,Import,AT,2015-01-01,35670.1
CLV05_MEUR,SCA,NA,Import,AT,2015-04-01,36483.7
CLV05_MEUR,SCA,NA,Import,AT,2015-07-01,38113.6
CLV05_MEUR,SCA,NA,Import,AT,2015-10-01,38475.9
CLV05_MEUR,SCA,NA,Import,AT,2016-01-01,38906.2
CLV05_MEUR,SCA,NA,Import,AT,2016-04-01,38466.7
CLV05_MEUR,SCA,NA,Import,AT,2016-07-01,38441.4
CLV05_MEUR,SCA,NA,Import,AT,2016-10-01,38904.1
CLV05_MEUR,SCA,NA,Import,AT,2017-01-01,40070.1
CLV05_MEUR,SCA,NA,Import,AT,2017-04-01,40717.3
CLV05_MEUR,SCA,NA,Import,AT,2017-07-01,41014.7
CLV05_MEUR,SCA,NA,Import,AT,2017-10-01,41274.4
CLV05_MEUR,SCA,NA,Import,AT,2018-01-01,42350.3
CLV05_MEUR,SCA,NA,Import,AT,2018-04-01,42327.9
CLV05_MEUR,SCA,NA,Import,AT,2018-07-01,42988
CLV05_MEUR,SCA,NA,Import,AT,2018-10-01,43904.3
CLV05_MEUR,SCA,NA,Import,AT,2019-01-01,44551.6
CLV05_MEUR,SCA,NA,Import,AT,2019-04-01,44360.6
CLV05_MEUR,SCA,NA,Import,AT,2019-07-01,43769
CLV05_MEUR,SCA,NA,Import,AT,2019-10-01,42727.4
CLV05_MEUR,SCA,NA,Import,AT,2020-01-01,42030.5
CLV05_MEUR,SCA,NA,Import,AT,2020-04-01,35474
CLV05_MEUR,SCA,NA,Import,AT,2020-07-01,39207.6
CLV05_MEUR,SCA,NA,Import,AT,2020-10-01,41205.5
CLV05_MEUR,SCA,NA,Import,AT,2021-01-01,43026.9
CLV05_MEUR,SCA,NA,Import,AT,2021-04-01,44914.3
CLV05_MEUR,SCA,NA,Import,AT,2021-07-01,45461.5
CLV05_MEUR,SCA,NA,Import,AT,2021-10-01,46697.1
CLV05_MEUR,SCA,NA,Import,AT,2022-01-01,48627.2
CLV05_MEUR,SCA,NA,Import,AT,2022-04-01,48381.4
CLV05_MEUR,SCA,NA,Import,AT,2022-07-01,48906.5
CLV05_MEUR,SCA,NA,Import,AT,2022-10-01,48692.9
CLV05_MEUR,SCA,NA,Import,AT,2023-01-01,48497.1
CLV05_MEUR,SCA,NA,Import,AT,2023-04-01,48151.2
CLV05_MEUR,SCA,NA,Import,AT,2023-07-01,47265.7
CLV05_MEUR,SCA,NA,Import,AT,2023-10-01,46852.5
CLV05_MEUR,SCA,NA,Import,AT,2024-01-01,46177.2
CLV05_MEUR,SCA,NA,Import,AT,2024-04-01,46450.3
CLV05_MEUR,SCA,NA,GCapitalForm,AT,1995-01-01,12879.7
CLV05_MEUR,SCA,NA,GCapitalForm,AT,1995-04-01,13225.7
CLV05_MEUR,SCA,NA,GCapitalForm,AT,1995-07-01,12959.6
CLV05_MEUR,SCA,NA,GCapitalForm,AT,1995-10-01,13558.6
CLV05_MEUR,SCA,NA,GCapitalForm,AT,1996-01-01,13076.4
CLV05_MEUR,SCA,NA,GCapitalForm,AT,1996-04-01,13212.3
CLV05_MEUR,SCA,NA,GCapitalForm,AT,1996-07-01,13562.9
CLV05_MEUR,SCA,NA,GCapitalForm,AT,1996-10-01,13280.9
CLV05_MEUR,SCA,NA,GCapitalForm,AT,1997-01-01,13568
CLV05_MEUR,SCA,NA,GCapitalForm,AT,1997-04-01,13409.5
CLV05_MEUR,SCA,NA,GCapitalForm,AT,1997-07-01,13620.5
CLV05_MEUR,SCA,NA,GCapitalForm,AT,1997-10-01,13459.4
CLV05_MEUR,SCA,NA,GCapitalForm,AT,1998-01-01,13987
CLV05_MEUR,SCA,NA,GCapitalForm,AT,1998-04-01,13918.2
CLV05_MEUR,SCA,NA,GCapitalForm,AT,1998-07-01,13703.7
CLV05_MEUR,SCA,NA,GCapitalForm,AT,1998-10-01,13930.2
CLV05_MEUR,SCA,NA,GCapitalForm,AT,1999-01-01,13867.9
CLV05_MEUR,SCA,NA,GCapitalForm,AT,1999-04-01,14189.5
CLV05_MEUR,SCA,NA,GCapitalForm,AT,1999-07-01,14690.7
CLV05_MEUR,SCA,NA,GCapitalForm,AT,1999-10-01,14554.3
CLV05_MEUR,SCA,NA,GCapitalForm,AT,2000-01-01,14486.8
CLV05_MEUR,SCA,NA,GCapitalForm,AT,2000-04-01,14433.9
CLV05_MEUR,SCA,NA,GCapitalForm,AT,2000-07-01,14618.2
CLV05_MEUR,SCA,NA,GCapitalForm,AT,2000-10-01,15236.4
CLV05_MEUR,SCA,NA,GCapitalForm,AT,2001-01-01,15070.5
CLV05_MEUR,SCA,NA,GCapitalForm,AT,2001-04-01,14900.6
CLV05_MEUR,SCA,NA,GCapitalForm,AT,2001-07-01,14288.8
CLV05_MEUR,SCA,NA,GCapitalForm,AT,2001-10-01,14200.4
CLV05_MEUR,SCA,NA,GCapitalForm,AT,2002-01-01,14127.2
CLV05_MEUR,SCA,NA,GCapitalForm,AT,2002-04-01,14248
CLV05_MEUR,SCA,NA,GCapitalForm,AT,2002-07-01,14012.8
CLV05_MEUR,SCA,NA,GCapitalForm,AT,2002-10-01,13705.8
CLV05_MEUR,SCA,NA,GCapitalForm,AT,2003-01-01,14889.5
CLV05_MEUR,SCA,NA,GCapitalForm,AT,2003-04-01,14725.1
CLV05_MEUR,SCA,NA,GCapitalForm,AT,2003-07-01,14430
CLV05_MEUR,SCA,NA,GCapitalForm,AT,2003-10-01,14464.4
CLV05_MEUR,SCA,NA,GCapitalForm,AT,2004-01-01,14609.5
CLV05_MEUR,SCA,NA,GCapitalForm,AT,2004-04-01,14352.1
CLV05_MEUR,SCA,NA,GCapitalForm,AT,2004-07-01,15089.8
CLV05_MEUR,SCA,NA,GCapitalForm,AT,2004-10-01,15412.1
CLV05_MEUR,SCA,NA,GCapitalForm,AT,2005-01-01,14501.4
CLV05_MEUR,SCA,NA,GCapitalForm,AT,2005-04-01,15207
CLV05_MEUR,SCA,NA,GCapitalForm,AT,2005-07-01,15311.3
CLV05_MEUR,SCA,NA,GCapitalForm,AT,2005-10-01,15447.5
CLV05_MEUR,SCA,NA,GCapitalForm,AT,2006-01-01,15222.8
CLV05_MEUR,SCA,NA,GCapitalForm,AT,2006-04-01,15307.5
CLV05_MEUR,SCA,NA,GCapitalForm,AT,2006-07-01,15759.1
CLV05_MEUR,SCA,NA,GCapitalForm,AT,2006-10-01,15669.3
CLV05_MEUR,SCA,NA,GCapitalForm,AT,2007-01-01,16895.9
CLV05_MEUR,SCA,NA,GCapitalForm,AT,2007-04-01,16503.2
CLV05_MEUR,SCA,NA,GCapitalForm,AT,2007-07-01,16780.3
CLV05_MEUR,SCA,NA,GCapitalForm,AT,2007-10-01,16058.1
CLV05_MEUR,SCA,NA,GCapitalForm,AT,2008-01-01,16160.7
CLV05_MEUR,SCA,NA,GCapitalForm,AT,2008-04-01,17042.4
CLV05_MEUR,SCA,NA,GCapitalForm,AT,2008-07-01,16631.1
CLV05_MEUR,SCA,NA,GCapitalForm,AT,2008-10-01,15915.7
CLV05_MEUR,SCA,NA,GCapitalForm,AT,2009-01-01,15606.5
CLV05_MEUR,SCA,NA,GCapitalForm,AT,2009-04-01,14816.2
CLV05_MEUR,SCA,NA,GCapitalForm,AT,2009-07-01,14364
CLV05_MEUR,SCA,NA,GCapitalForm,AT,2009-10-01,14730.2
CLV05_MEUR,SCA,NA,GCapitalForm,AT,2010-01-01,14320.8
CLV05_MEUR,SCA,NA,GCapitalForm,AT,2010-04-01,15043
CLV05_MEUR,SCA,NA,GCapitalForm,AT,2010-07-01,14694.8
CLV05_MEUR,SCA,NA,GCapitalForm,AT,2010-10-01,15243
CLV05_MEUR,SCA,NA,GCapitalForm,AT,2011-01-01,16066.5
CLV05_MEUR,SCA,NA,GCapitalForm,AT,2011-04-01,15743
CLV05_MEUR,SCA,NA,GCapitalForm,AT,2011-07-01,16676.7
CLV05_MEUR,SCA,NA,GCapitalForm,AT,2011-10-01,15778.9
CLV05_MEUR,SCA,NA,GCapitalForm,AT,2012-01-01,16113.2
CLV05_MEUR,SCA,NA,GCapitalForm,AT,2012-04-01,15882.3
CLV05_MEUR,SCA,NA,GCapitalForm,AT,2012-07-01,15784.8
CLV05_MEUR,SCA,NA,GCapitalForm,AT,2012-10-01,15975.4
CLV05_MEUR,SCA,NA,GCapitalForm,AT,2013-01-01,14991.9
CLV05_MEUR,SCA,NA,GCapitalForm,AT,2013-04-01,15709.2
CLV05_MEUR,SCA,NA,GCapitalForm,AT,2013-07-01,16068.7
CLV05_MEUR,SCA,NA,GCapitalForm,AT,2013-10-01,16487.1
CLV05_MEUR,SCA,NA,GCapitalForm,AT,2014-01-01,16157.5
CLV05_MEUR,SCA,NA,GCapitalForm,AT,2014-04-01,16262.1
CLV05_MEUR,SCA,NA,GCapitalForm,AT,2014-07-01,15803
CLV05_MEUR,SCA,NA,GCapitalForm,AT,2014-10-01,15720.1
CLV05_MEUR,SCA,NA,GCapitalForm,AT,2015-01-01,15478.3
CLV05_MEUR,SCA,NA,GCapitalForm,AT,2015-04-01,16201.6
CLV05_MEUR,SCA,NA,GCapitalForm,AT,2015-07-01,17096.5
CLV05_MEUR,SCA,NA,GCapitalForm,AT,2015-10-01,17243
CLV05_MEUR,SCA,NA,GCapitalForm,AT,2016-01-01,17148.1
CLV05_MEUR,SCA,NA,GCapitalForm,AT,2016-04-01,17425.4
CLV05_MEUR,SCA,NA,GCapitalForm,AT,2016-07-01,16878.5
CLV05_MEUR,SCA,NA,GCapitalForm,AT,2016-10-01,17648.1
CLV05_MEUR,SCA,NA,GCapitalForm,AT,2017-01-01,17807
CLV05_MEUR,SCA,NA,GCapitalForm,AT,2017-04-01,17691.9
CLV05_MEUR,SCA,NA,GCapitalForm,AT,2017-07-01,18255.5
CLV05_MEUR,SCA,NA,GCapitalForm,AT,2017-10-01,18297
CLV05_MEUR,SCA,NA,GCapitalForm,AT,2018-01-01,18326.4
CLV05_MEUR,SCA,NA,GCapitalForm,AT,2018-04-01,18397.9
CLV05_MEUR,SCA,NA,GCapitalForm,AT,2018-07-01,19615.3
CLV05_MEUR,SCA,NA,GCapitalForm,AT,2018-10-01,19956.9
CLV05_MEUR,SCA,NA,GCapitalForm,AT,2019-01-01,19158.4
CLV05_MEUR,SCA,NA,GCapitalForm,AT,2019-04-01,19388.2
CLV05_MEUR,SCA,NA,GCapitalForm,AT,2019-07-01,19346.6
CLV05_MEUR,SCA,NA,GCapitalForm,AT,2019-10-01,18146.3
CLV05_MEUR,SCA,NA,GCapitalForm,AT,2020-01-01,18084.7
CLV05_MEUR,SCA,NA,GCapitalForm,AT,2020-04-01,16882
CLV05_MEUR,SCA,NA,GCapitalForm,AT,2020-07-01,18189.2
CLV05_MEUR,SCA,NA,GCapitalForm,AT,2020-10-01,18956.6
CLV05_MEUR,SCA,NA,GCapitalForm,AT,2021-01-01,20323.7
CLV05_MEUR,SCA,NA,GCapitalForm,AT,2021-04-01,19943.6
CLV05_MEUR,SCA,NA,GCapitalForm,AT,2021-07-01,19137.7
CLV05_MEUR,SCA,NA,GCapitalForm,AT,2021-10-01,20305.8
CLV05_MEUR,SCA,NA,GCapitalForm,AT,2022-01-01,20688.3
CLV05_MEUR,SCA,NA,GCapitalForm,AT,2022-04-01,19849
CLV05_MEUR,SCA,NA,GCapitalForm,AT,2022-07-01,19691.7
CLV05_MEUR,SCA,NA,GCapitalForm,AT,2022-10-01,18769.1
CLV05_MEUR,SCA,NA,GCapitalForm,AT,2023-01-01,17851.8
CLV05_MEUR,SCA,NA,GCapitalForm,AT,2023-04-01,18996.2
CLV05_MEUR,SCA,NA,GCapitalForm,AT,2023-07-01,18849.7
CLV05_MEUR,SCA,NA,GCapitalForm,AT,2023-10-01,18386.2
CLV05_MEUR,SCA,NA,GCapitalForm,AT,2024-01-01,17159.3
CLV05_MEUR,SCA,NA,GCapitalForm,AT,2024-04-01,18406.6
CLV05_MEUR,SCA,NA,FinConsExpHH,AT,1995-01-01,27779.2
CLV05_MEUR,SCA,NA,FinConsExpHH,AT,1995-04-01,27858.1
CLV05_MEUR,SCA,NA,FinConsExpHH,AT,1995-07-01,28061.9
CLV05_MEUR,SCA,NA,FinConsExpHH,AT,1995-10-01,28292.1
CLV05_MEUR,SCA,NA,FinConsExpHH,AT,1996-01-01,28628.6
CLV05_MEUR,SCA,NA,FinConsExpHH,AT,1996-04-01,29071.6
CLV05_MEUR,SCA,NA,FinConsExpHH,AT,1996-07-01,28784.5
CLV05_MEUR,SCA,NA,FinConsExpHH,AT,1996-10-01,28777
CLV05_MEUR,SCA,NA,FinConsExpHH,AT,1997-01-01,28745.2
CLV05_MEUR,SCA,NA,FinConsExpHH,AT,1997-04-01,28693.7
CLV05_MEUR,SCA,NA,FinConsExpHH,AT,1997-07-01,29017.5
CLV05_MEUR,SCA,NA,FinConsExpHH,AT,1997-10-01,29294.6
CLV05_MEUR,SCA,NA,FinConsExpHH,AT,1998-01-01,29591.5
CLV05_MEUR,SCA,NA,FinConsExpHH,AT,1998-04-01,29473.2
CLV05_MEUR,SCA,NA,FinConsExpHH,AT,1998-07-01,30087.5
CLV05_MEUR,SCA,NA,FinConsExpHH,AT,1998-10-01,29976.9
CLV05_MEUR,SCA,NA,FinConsExpHH,AT,1999-01-01,30214.4
CLV05_MEUR,SCA,NA,FinConsExpHH,AT,1999-04-01,30385.8
CLV05_MEUR,SCA,NA,FinConsExpHH,AT,1999-07-01,30568.2
CLV05_MEUR,SCA,NA,FinConsExpHH,AT,1999-10-01,30825.5
CLV05_MEUR,SCA,NA,FinConsExpHH,AT,2000-01-01,31117.6
CLV05_MEUR,SCA,NA,FinConsExpHH,AT,2000-04-01,31529.8
CLV05_MEUR,SCA,NA,FinConsExpHH,AT,2000-07-01,31407.5
CLV05_MEUR,SCA,NA,FinConsExpHH,AT,2000-10-01,31709.5
CLV05_MEUR,SCA,NA,FinConsExpHH,AT,2001-01-01,31910.3
CLV05_MEUR,SCA,NA,FinConsExpHH,AT,2001-04-01,31764.3
CLV05_MEUR,SCA,NA,FinConsExpHH,AT,2001-07-01,31658.9
CLV05_MEUR,SCA,NA,FinConsExpHH,AT,2001-10-01,32064.2
CLV05_MEUR,SCA,NA,FinConsExpHH,AT,2002-01-01,31819.2
CLV05_MEUR,SCA,NA,FinConsExpHH,AT,2002-04-01,31991.6
CLV05_MEUR,SCA,NA,FinConsExpHH,AT,2002-07-01,32138.5
CLV05_MEUR,SCA,NA,FinConsExpHH,AT,2002-10-01,32361.1
CLV05_MEUR,SCA,NA,FinConsExpHH,AT,2003-01-01,32476.3
CLV05_MEUR,SCA,NA,FinConsExpHH,AT,2003-04-01,32599.4
CLV05_MEUR,SCA,NA,FinConsExpHH,AT,2003-07-01,32774
CLV05_MEUR,SCA,NA,FinConsExpHH,AT,2003-10-01,32732.8
CLV05_MEUR,SCA,NA,FinConsExpHH,AT,2004-01-01,32966.5
CLV05_MEUR,SCA,NA,FinConsExpHH,AT,2004-04-01,33331.7
CLV05_MEUR,SCA,NA,FinConsExpHH,AT,2004-07-01,33415.6
CLV05_MEUR,SCA,NA,FinConsExpHH,AT,2004-10-01,33855.3
CLV05_MEUR,SCA,NA,FinConsExpHH,AT,2005-01-01,33636
CLV05_MEUR,SCA,NA,FinConsExpHH,AT,2005-04-01,34209.6
CLV05_MEUR,SCA,NA,FinConsExpHH,AT,2005-07-01,34461.2
CLV05_MEUR,SCA,NA,FinConsExpHH,AT,2005-10-01,34356.1
CLV05_MEUR,SCA,NA,FinConsExpHH,AT,2006-01-01,34748.6
CLV05_MEUR,SCA,NA,FinConsExpHH,AT,2006-04-01,34690.8
CLV05_MEUR,SCA,NA,FinConsExpHH,AT,2006-07-01,35005.6
CLV05_MEUR,SCA,NA,FinConsExpHH,AT,2006-10-01,35113.9
CLV05_MEUR,SCA,NA,FinConsExpHH,AT,2007-01-01,35012.5
CLV05_MEUR,SCA,NA,FinConsExpHH,AT,2007-04-01,35348.4
CLV05_MEUR,SCA,NA,FinConsExpHH,AT,2007-07-01,35260.8
CLV05_MEUR,SCA,NA,FinConsExpHH,AT,2007-10-01,35522.5
CLV05_MEUR,SCA,NA,FinConsExpHH,AT,2008-01-01,35898.8
CLV05_MEUR,SCA,NA,FinConsExpHH,AT,2008-04-01,35618.7
CLV05_MEUR,SCA,NA,FinConsExpHH,AT,2008-07-01,35439.2
CLV05_MEUR,SCA,NA,FinConsExpHH,AT,2008-10-01,35554.6
CLV05_MEUR,SCA,NA,FinConsExpHH,AT,2009-01-01,35538.6
CLV05_MEUR,SCA,NA,FinConsExpHH,AT,2009-04-01,36161.5
CLV05_MEUR,SCA,NA,FinConsExpHH,AT,2009-07-01,36129.8
CLV05_MEUR,SCA,NA,FinConsExpHH,AT,2009-10-01,35809.1
CLV05_MEUR,SCA,NA,FinConsExpHH,AT,2010-01-01,35993.3
CLV05_MEUR,SCA,NA,FinConsExpHH,AT,2010-04-01,35907.6
CLV05_MEUR,SCA,NA,FinConsExpHH,AT,2010-07-01,36652.5
CLV05_MEUR,SCA,NA,FinConsExpHH,AT,2010-10-01,36542.4
CLV05_MEUR,SCA,NA,FinConsExpHH,AT,2011-01-01,36389.4
CLV05_MEUR,SCA,NA,FinConsExpHH,AT,2011-04-01,36683.8
CLV05_MEUR,SCA,NA,FinConsExpHH,AT,2011-07-01,36839.6
CLV05_MEUR,SCA,NA,FinConsExpHH,AT,2011-10-01,37224.8
CLV05_MEUR,SCA,NA,FinConsExpHH,AT,2012-01-01,37351.5
CLV05_MEUR,SCA,NA,FinConsExpHH,AT,2012-04-01,37075.6
CLV05_MEUR,SCA,NA,FinConsExpHH,AT,2012-07-01,36834.5
CLV05_MEUR,SCA,NA,FinConsExpHH,AT,2012-10-01,36737
CLV05_MEUR,SCA,NA,FinConsExpHH,AT,2013-01-01,36915.8
CLV05_MEUR,SCA,NA,FinConsExpHH,AT,2013-04-01,36928.6
CLV05_MEUR,SCA,NA,FinConsExpHH,AT,2013-07-01,36932.3
CLV05_MEUR,SCA,NA,FinConsExpHH,AT,2013-10-01,37060.3
CLV05_MEUR,SCA,NA,FinConsExpHH,AT,2014-01-01,37118.6
CLV05_MEUR,SCA,NA,FinConsExpHH,AT,2014-04-01,37053.4
CLV05_MEUR,SCA,NA,FinConsExpHH,AT,2014-07-01,37170.4
CLV05_MEUR,SCA,NA,FinConsExpHH,AT,2014-10-01,36959.8
CLV05_MEUR,SCA,NA,FinConsExpHH,AT,2015-01-01,37142.5
CLV05_MEUR,SCA,NA,FinConsExpHH,AT,2015-04-01,37074
CLV05_MEUR,SCA,NA,FinConsExpHH,AT,2015-07-01,37274.5
CLV05_MEUR,SCA,NA,FinConsExpHH,AT,2015-10-01,37531.1
CLV05_MEUR,SCA,NA,FinConsExpHH,AT,2016-01-01,37334.1
CLV05_MEUR,SCA,NA,FinConsExpHH,AT,2016-04-01,37796.9
CLV05_MEUR,SCA,NA,FinConsExpHH,AT,2016-07-01,37885
CLV05_MEUR,SCA,NA,FinConsExpHH,AT,2016-10-01,38367.2
CLV05_MEUR,SCA,NA,FinConsExpHH,AT,2017-01-01,38347.1
CLV05_MEUR,SCA,NA,FinConsExpHH,AT,2017-04-01,38535.2
CLV05_MEUR,SCA,NA,FinConsExpHH,AT,2017-07-01,38969
CLV05_MEUR,SCA,NA,FinConsExpHH,AT,2017-10-01,38594.6
CLV05_MEUR,SCA,NA,FinConsExpHH,AT,2018-01-01,39121.3
CLV05_MEUR,SCA,NA,FinConsExpHH,AT,2018-04-01,39022.1
CLV05_MEUR,SCA,NA,FinConsExpHH,AT,2018-07-01,38830.6
CLV05_MEUR,SCA,NA,FinConsExpHH,AT,2018-10-01,39224.9
CLV05_MEUR,SCA,NA,FinConsExpHH,AT,2019-01-01,39331.2
CLV05_MEUR,SCA,NA,FinConsExpHH,AT,2019-04-01,39176.2
CLV05_MEUR,SCA,NA,FinConsExpHH,AT,2019-07-01,39193.5
CLV05_MEUR,SCA,NA,FinConsExpHH,AT,2019-10-01,39387
CLV05_MEUR,SCA,NA,FinConsExpHH,AT,2020-01-01,37665.1
CLV05_MEUR,SCA,NA,FinConsExpHH,AT,2020-04-01,33185
CLV05_MEUR,SCA,NA,FinConsExpHH,AT,2020-07-01,37103.3
CLV05_MEUR,SCA,NA,FinConsExpHH,AT,2020-10-01,35795.7
CLV05_MEUR,SCA,NA,FinConsExpHH,AT,2021-01-01,34651.9
CLV05_MEUR,SCA,NA,FinConsExpHH,AT,2021-04-01,36515.6
CLV05_MEUR,SCA,NA,FinConsExpHH,AT,2021-07-01,39922.3
CLV05_MEUR,SCA,NA,FinConsExpHH,AT,2021-10-01,38488.6
CLV05_MEUR,SCA,NA,FinConsExpHH,AT,2022-01-01,39355.1
CLV05_MEUR,SCA,NA,FinConsExpHH,AT,2022-04-01,39694.9
CLV05_MEUR,SCA,NA,FinConsExpHH,AT,2022-07-01,39717.6
CLV05_MEUR,SCA,NA,FinConsExpHH,AT,2022-10-01,39556.3
CLV05_MEUR,SCA,NA,FinConsExpHH,AT,2023-01-01,39633.9
CLV05_MEUR,SCA,NA,FinConsExpHH,AT,2023-04-01,39706.5
CLV05_MEUR,SCA,NA,FinConsExpHH,AT,2023-07-01,39362.9
CLV05_MEUR,SCA,NA,FinConsExpHH,AT,2023-10-01,39423.8
CLV05_MEUR,SCA,NA,FinConsExpHH,AT,2024-01-01,39755
CLV05_MEUR,SCA,NA,FinConsExpHH,AT,2024-04-01,39324.8
I15,NA,NA,HICP_Electricity,AT,1996-01-01,211.14
I15,NA,NA,HICP_Electricity,AT,1996-04-01,215.67
I15,NA,NA,HICP_Electricity,AT,1996-07-01,224.52
I15,NA,NA,HICP_Electricity,AT,1996-10-01,224.73
I15,NA,NA,HICP_Electricity,AT,1997-01-01,224.8
I15,NA,NA,HICP_Electricity,AT,1997-04-01,224.94
I15,NA,NA,HICP_Electricity,AT,1997-07-01,224.94
I15,NA,NA,HICP_Electricity,AT,1997-10-01,224.94
I15,NA,NA,HICP_Electricity,AT,1998-01-01,224.94
I15,NA,NA,HICP_Electricity,AT,1998-04-01,224.94
I15,NA,NA,HICP_Electricity,AT,1998-07-01,224.94
I15,NA,NA,HICP_Electricity,AT,1998-10-01,224.94
I15,NA,NA,HICP_Electricity,AT,1999-01-01,224.94
I15,NA,NA,HICP_Electricity,AT,1999-04-01,224.94
I15,NA,NA,HICP_Electricity,AT,1999-07-01,223.26999999999998
I15,NA,NA,HICP_Electricity,AT,1999-10-01,219.55
I15,NA,NA,HICP_Electricity,AT,2000-01-01,213.85
I15,NA,NA,HICP_Electricity,AT,2000-04-01,218.38
I15,NA,NA,HICP_Electricity,AT,2000-07-01,228.51999999999998
I15,NA,NA,HICP_Electricity,AT,2000-10-01,227.8
I15,NA,NA,HICP_Electricity,AT,2001-01-01,226.73999999999998
I15,NA,NA,HICP_Electricity,AT,2001-04-01,226.70999999999998
I15,NA,NA,HICP_Electricity,AT,2001-07-01,226.32
I15,NA,NA,HICP_Electricity,AT,2001-10-01,221.76999999999998
I15,NA,NA,HICP_Electricity,AT,2002-01-01,222.25
I15,NA,NA,HICP_Electricity,AT,2002-04-01,217.07
I15,NA,NA,HICP_Electricity,AT,2002-07-01,216.49
I15,NA,NA,HICP_Electricity,AT,2002-10-01,219.03000000000003
I15,NA,NA,HICP_Electricity,AT,2003-01-01,218.82
I15,NA,NA,HICP_Electricity,AT,2003-04-01,220.28
I15,NA,NA,HICP_Electricity,AT,2003-07-01,221.96999999999997
I15,NA,NA,HICP_Electricity,AT,2003-10-01,222.70999999999998
I15,NA,NA,HICP_Electricity,AT,2004-01-01,222.82
I15,NA,NA,HICP_Electricity,AT,2004-04-01,225.58999999999997
I15,NA,NA,HICP_Electricity,AT,2004-07-01,226.79
I15,NA,NA,HICP_Electricity,AT,2004-10-01,232.62
I15,NA,NA,HICP_Electricity,AT,2005-01-01,235.76
I15,NA,NA,HICP_Electricity,AT,2005-04-01,233.47
I15,NA,NA,HICP_Electricity,AT,2005-07-01,232.67
I15,NA,NA,HICP_Electricity,AT,2005-10-01,233.54999999999998
I15,NA,NA,HICP_Electricity,AT,2006-01-01,237.76999999999998
I15,NA,NA,HICP_Electricity,AT,2006-04-01,242.76999999999998
I15,NA,NA,HICP_Electricity,AT,2006-07-01,243.66
I15,NA,NA,HICP_Electricity,AT,2006-10-01,244.37
I15,NA,NA,HICP_Electricity,AT,2007-01-01,263.44
I15,NA,NA,HICP_Electricity,AT,2007-04-01,264.36
I15,NA,NA,HICP_Electricity,AT,2007-07-01,264.78000000000003
I15,NA,NA,HICP_Electricity,AT,2007-10-01,265.26
I15,NA,NA,HICP_Electricity,AT,2008-01-01,266.06
I15,NA,NA,HICP_Electricity,AT,2008-04-01,266.46000000000004
I15,NA,NA,HICP_Electricity,AT,2008-07-01,268.08
I15,NA,NA,HICP_Electricity,AT,2008-10-01,275.4
I15,NA,NA,HICP_Electricity,AT,2009-01-01,279.75
I15,NA,NA,HICP_Electricity,AT,2009-04-01,279.75
I15,NA,NA,HICP_Electricity,AT,2009-07-01,280.2
I15,NA,NA,HICP_Electricity,AT,2009-10-01,280.33
I15,NA,NA,HICP_Electricity,AT,2010-01-01,282.03
I15,NA,NA,HICP_Electricity,AT,2010-04-01,282.71000000000004
I15,NA,NA,HICP_Electricity,AT,2010-07-01,283.38
I15,NA,NA,HICP_Electricity,AT,2010-10-01,283.27
I15,NA,NA,HICP_Electricity,AT,2011-01-01,282.04
I15,NA,NA,HICP_Electricity,AT,2011-04-01,283.23
I15,NA,NA,HICP_Electricity,AT,2011-07-01,283.38
I15,NA,NA,HICP_Electricity,AT,2011-10-01,283.38
I15,NA,NA,HICP_Electricity,AT,2012-01-01,282.04
I15,NA,NA,HICP_Electricity,AT,2012-04-01,282.48
I15,NA,NA,HICP_Electricity,AT,2012-07-01,288.46000000000004
I15,NA,NA,HICP_Electricity,AT,2012-10-01,288.36
I15,NA,NA,HICP_Electricity,AT,2013-01-01,298.98
I15,NA,NA,HICP_Electricity,AT,2013-04-01,298.98
I15,NA,NA,HICP_Electricity,AT,2013-07-01,298.4
I15,NA,NA,HICP_Electricity,AT,2013-10-01,296.34000000000003
I15,NA,NA,HICP_Electricity,AT,2014-01-01,299.52
I15,NA,NA,HICP_Electricity,AT,2014-04-01,299.52
I15,NA,NA,HICP_Electricity,AT,2014-07-01,299.52
I15,NA,NA,HICP_Electricity,AT,2014-10-01,293.70000000000005
I15,NA,NA,HICP_Electricity,AT,2015-01-01,301.59000000000003
I15,NA,NA,HICP_Electricity,AT,2015-04-01,300.21
I15,NA,NA,HICP_Electricity,AT,2015-07-01,300.21
I15,NA,NA,HICP_Electricity,AT,2015-10-01,297.99
I15,NA,NA,HICP_Electricity,AT,2016-01-01,303.93
I15,NA,NA,HICP_Electricity,AT,2016-04-01,303.71999999999997
I15,NA,NA,HICP_Electricity,AT,2016-07-01,303.71999999999997
I15,NA,NA,HICP_Electricity,AT,2016-10-01,302.05
I15,NA,NA,HICP_Electricity,AT,2017-01-01,286.84999999999997
I15,NA,NA,HICP_Electricity,AT,2017-04-01,286.71
I15,NA,NA,HICP_Electricity,AT,2017-07-01,286.71
I15,NA,NA,HICP_Electricity,AT,2017-10-01,286.71
I15,NA,NA,HICP_Electricity,AT,2018-01-01,286.11
I15,NA,NA,HICP_Electricity,AT,2018-04-01,286.11
I15,NA,NA,HICP_Electricity,AT,2018-07-01,287.04
I15,NA,NA,HICP_Electricity,AT,2018-10-01,297.84000000000003
I15,NA,NA,HICP_Electricity,AT,2019-01-01,297.32
I15,NA,NA,HICP_Electricity,AT,2019-04-01,298.69
I15,NA,NA,HICP_Electricity,AT,2019-07-01,302.25
I15,NA,NA,HICP_Electricity,AT,2019-10-01,302.61
I15,NA,NA,HICP_Electricity,AT,2020-01-01,316.40999999999997
I15,NA,NA,HICP_Electricity,AT,2020-04-01,318
I15,NA,NA,HICP_Electricity,AT,2020-07-01,318.22
I15,NA,NA,HICP_Electricity,AT,2020-10-01,317.88
I15,NA,NA,HICP_Electricity,AT,2021-01-01,333.57
I15,NA,NA,HICP_Electricity,AT,2021-04-01,334.34
I15,NA,NA,HICP_Electricity,AT,2021-07-01,339.19
I15,NA,NA,HICP_Electricity,AT,2021-10-01,352.28
I15,NA,NA,HICP_Electricity,AT,2022-01-01,368.86
I15,NA,NA,HICP_Electricity,AT,2022-04-01,341.39
I15,NA,NA,HICP_Electricity,AT,2022-07-01,405.86
I15,NA,NA,HICP_Electricity,AT,2022-10-01,394.83
I15,NA,NA,HICP_Electricity,AT,2023-01-01,384.87
I15,NA,NA,HICP_Electricity,AT,2023-04-01,356.29
I15,NA,NA,HICP_Electricity,AT,2023-07-01,344.13
I15,NA,NA,HICP_Electricity,AT,2023-10-01,373.35
I15,NA,NA,HICP_Electricity,AT,2024-01-01,381.62
I15,NA,NA,HICP_Electricity,AT,2024-04-01,375.5
I15,NA,NA,HICP_Gas,AT,1996-01-01,152.37
I15,NA,NA,HICP_Gas,AT,1996-04-01,159.32999999999998
I15,NA,NA,HICP_Gas,AT,1996-07-01,173.25
I15,NA,NA,HICP_Gas,AT,1996-10-01,173.25
I15,NA,NA,HICP_Gas,AT,1997-01-01,173.76
I15,NA,NA,HICP_Gas,AT,1997-04-01,173.76
I15,NA,NA,HICP_Gas,AT,1997-07-01,173.37
I15,NA,NA,HICP_Gas,AT,1997-10-01,172.21
I15,NA,NA,HICP_Gas,AT,1998-01-01,168.7
I15,NA,NA,HICP_Gas,AT,1998-04-01,168.48
I15,NA,NA,HICP_Gas,AT,1998-07-01,168.32999999999998
I15,NA,NA,HICP_Gas,AT,1998-10-01,167.82
I15,NA,NA,HICP_Gas,AT,1999-01-01,167.17000000000002
I15,NA,NA,HICP_Gas,AT,1999-04-01,166.34
I15,NA,NA,HICP_Gas,AT,1999-07-01,166.02
I15,NA,NA,HICP_Gas,AT,1999-10-01,166.78
I15,NA,NA,HICP_Gas,AT,2000-01-01,168.54
I15,NA,NA,HICP_Gas,AT,2000-04-01,170.62
I15,NA,NA,HICP_Gas,AT,2000-07-01,176.32
I15,NA,NA,HICP_Gas,AT,2000-10-01,186.97
I15,NA,NA,HICP_Gas,AT,2001-01-01,196.6
I15,NA,NA,HICP_Gas,AT,2001-04-01,196.98
I15,NA,NA,HICP_Gas,AT,2001-07-01,195.19
I15,NA,NA,HICP_Gas,AT,2001-10-01,194.13
I15,NA,NA,HICP_Gas,AT,2002-01-01,192.75
I15,NA,NA,HICP_Gas,AT,2002-04-01,192.42000000000002
I15,NA,NA,HICP_Gas,AT,2002-07-01,193.83999999999997
I15,NA,NA,HICP_Gas,AT,2002-10-01,194.91
I15,NA,NA,HICP_Gas,AT,2003-01-01,192.60000000000002
I15,NA,NA,HICP_Gas,AT,2003-04-01,195.3
I15,NA,NA,HICP_Gas,AT,2003-07-01,199.4
I15,NA,NA,HICP_Gas,AT,2003-10-01,197.85000000000002
I15,NA,NA,HICP_Gas,AT,2004-01-01,206.99
I15,NA,NA,HICP_Gas,AT,2004-04-01,207.12
I15,NA,NA,HICP_Gas,AT,2004-07-01,206.76
I15,NA,NA,HICP_Gas,AT,2004-10-01,207.66000000000003
I15,NA,NA,HICP_Gas,AT,2005-01-01,216.39
I15,NA,NA,HICP_Gas,AT,2005-04-01,216.66
I15,NA,NA,HICP_Gas,AT,2005-07-01,217.87
I15,NA,NA,HICP_Gas,AT,2005-10-01,228.56
I15,NA,NA,HICP_Gas,AT,2006-01-01,230.88
I15,NA,NA,HICP_Gas,AT,2006-04-01,232.64999999999998
I15,NA,NA,HICP_Gas,AT,2006-07-01,233.55
I15,NA,NA,HICP_Gas,AT,2006-10-01,237.15999999999997
I15,NA,NA,HICP_Gas,AT,2007-01-01,254.76999999999998
I15,NA,NA,HICP_Gas,AT,2007-04-01,254.79000000000002
I15,NA,NA,HICP_Gas,AT,2007-07-01,251.19
I15,NA,NA,HICP_Gas,AT,2007-10-01,251.19
I15,NA,NA,HICP_Gas,AT,2008-01-01,252.99
I15,NA,NA,HICP_Gas,AT,2008-04-01,253.14
I15,NA,NA,HICP_Gas,AT,2008-07-01,253.26999999999998
I15,NA,NA,HICP_Gas,AT,2008-10-01,281.89
I15,NA,NA,HICP_Gas,AT,2009-01-01,292.09000000000003
I15,NA,NA,HICP_Gas,AT,2009-04-01,277.32
I15,NA,NA,HICP_Gas,AT,2009-07-01,275.96999999999997
I15,NA,NA,HICP_Gas,AT,2009-10-01,265.87
I15,NA,NA,HICP_Gas,AT,2010-01-01,265.21
I15,NA,NA,HICP_Gas,AT,2010-04-01,265.04999999999995
I15,NA,NA,HICP_Gas,AT,2010-07-01,265.20000000000005
I15,NA,NA,HICP_Gas,AT,2010-10-01,265.85
I15,NA,NA,HICP_Gas,AT,2011-01-01,272.01
I15,NA,NA,HICP_Gas,AT,2011-04-01,287.57
I15,NA,NA,HICP_Gas,AT,2011-07-01,293.46000000000004
I15,NA,NA,HICP_Gas,AT,2011-10-01,301.23
I15,NA,NA,HICP_Gas,AT,2012-01-01,302.74
I15,NA,NA,HICP_Gas,AT,2012-04-01,302.90999999999997
I15,NA,NA,HICP_Gas,AT,2012-07-01,302.90999999999997
I15,NA,NA,HICP_Gas,AT,2012-10-01,302.90999999999997
I15,NA,NA,HICP_Gas,AT,2013-01-01,302.88
I15,NA,NA,HICP_Gas,AT,2013-04-01,302.94
I15,NA,NA,HICP_Gas,AT,2013-07-01,302.94
I15,NA,NA,HICP_Gas,AT,2013-10-01,299.54999999999995
I15,NA,NA,HICP_Gas,AT,2014-01-01,301.44
I15,NA,NA,HICP_Gas,AT,2014-04-01,301.44
I15,NA,NA,HICP_Gas,AT,2014-07-01,301.44
I15,NA,NA,HICP_Gas,AT,2014-10-01,301.44
I15,NA,NA,HICP_Gas,AT,2015-01-01,302.54999999999995
I15,NA,NA,HICP_Gas,AT,2015-04-01,300.75
I15,NA,NA,HICP_Gas,AT,2015-07-01,300.75
I15,NA,NA,HICP_Gas,AT,2015-10-01,295.95000000000005
I15,NA,NA,HICP_Gas,AT,2016-01-01,300.39
I15,NA,NA,HICP_Gas,AT,2016-04-01,295.74
I15,NA,NA,HICP_Gas,AT,2016-07-01,293.67
I15,NA,NA,HICP_Gas,AT,2016-10-01,287.85
I15,NA,NA,HICP_Gas,AT,2017-01-01,290.03999999999996
I15,NA,NA,HICP_Gas,AT,2017-04-01,289.79999999999995
I15,NA,NA,HICP_Gas,AT,2017-07-01,289.79999999999995
I15,NA,NA,HICP_Gas,AT,2017-10-01,289.79999999999995
I15,NA,NA,HICP_Gas,AT,2018-01-01,272.49
I15,NA,NA,HICP_Gas,AT,2018-04-01,272.49
I15,NA,NA,HICP_Gas,AT,2018-07-01,273.15
I15,NA,NA,HICP_Gas,AT,2018-10-01,280.39
I15,NA,NA,HICP_Gas,AT,2019-01-01,275.64
I15,NA,NA,HICP_Gas,AT,2019-04-01,275.95
I15,NA,NA,HICP_Gas,AT,2019-07-01,277.01
I15,NA,NA,HICP_Gas,AT,2019-10-01,277.23
I15,NA,NA,HICP_Gas,AT,2020-01-01,273.15
I15,NA,NA,HICP_Gas,AT,2020-04-01,273.15
I15,NA,NA,HICP_Gas,AT,2020-07-01,272.28999999999996
I15,NA,NA,HICP_Gas,AT,2020-10-01,270.57
I15,NA,NA,HICP_Gas,AT,2021-01-01,275.82
I15,NA,NA,HICP_Gas,AT,2021-04-01,277.27
I15,NA,NA,HICP_Gas,AT,2021-07-01,293.33
I15,NA,NA,HICP_Gas,AT,2021-10-01,328.17
I15,NA,NA,HICP_Gas,AT,2022-01-01,428.5
I15,NA,NA,HICP_Gas,AT,2022-04-01,480.6
I15,NA,NA,HICP_Gas,AT,2022-07-01,544.29
I15,NA,NA,HICP_Gas,AT,2022-10-01,671.4
I15,NA,NA,HICP_Gas,AT,2023-01-01,737.12
I15,NA,NA,HICP_Gas,AT,2023-04-01,840.21
I15,NA,NA,HICP_Gas,AT,2023-07-01,865.9300000000001
I15,NA,NA,HICP_Gas,AT,2023-10-01,833.23
I15,NA,NA,HICP_Gas,AT,2024-01-01,775.12
I15,NA,NA,HICP_Gas,AT,2024-04-01,711.22
NR,NA,NA,HDD,AT,1979-01-01,1699.6
NR,NA,NA,HDD,AT,1979-04-01,643.67
NR,NA,NA,HDD,AT,1979-07-01,308.23
NR,NA,NA,HDD,AT,1979-10-01,1302.33
NR,NA,NA,HDD,AT,1980-01-01,1676.39
NR,NA,NA,HDD,AT,1980-04-01,799.8199999999999
NR,NA,NA,HDD,AT,1980-07-01,263.61
NR,NA,NA,HDD,AT,1980-10-01,1485.56
NR,NA,NA,HDD,AT,1981-01-01,1652.8600000000001
NR,NA,NA,HDD,AT,1981-04-01,586.7
NR,NA,NA,HDD,AT,1981-07-01,260.06
NR,NA,NA,HDD,AT,1981-10-01,1413.99
NR,NA,NA,HDD,AT,1982-01-01,1724.84
NR,NA,NA,HDD,AT,1982-04-01,643.93
NR,NA,NA,HDD,AT,1982-07-01,140.89
NR,NA,NA,HDD,AT,1982-10-01,1271.58
NR,NA,NA,HDD,AT,1983-01-01,1566.3600000000001
NR,NA,NA,HDD,AT,1983-04-01,562.29
NR,NA,NA,HDD,AT,1983-07-01,193.45999999999998
NR,NA,NA,HDD,AT,1983-10-01,1407.1100000000001
NR,NA,NA,HDD,AT,1984-01-01,1736.4299999999998
NR,NA,NA,HDD,AT,1984-04-01,730.51
NR,NA,NA,HDD,AT,1984-07-01,323.22
NR,NA,NA,HDD,AT,1984-10-01,1284.4499999999998
NR,NA,NA,HDD,AT,1985-01-01,1896.1599999999999
NR,NA,NA,HDD,AT,1985-04-01,645.69
NR,NA,NA,HDD,AT,1985-07-01,205.82
NR,NA,NA,HDD,AT,1985-10-01,1370.65
NR,NA,NA,HDD,AT,1986-01-01,1843.47
NR,NA,NA,HDD,AT,1986-04-01,544.86
NR,NA,NA,HDD,AT,1986-07-01,283.85
NR,NA,NA,HDD,AT,1986-10-01,1335.35
NR,NA,NA,HDD,AT,1987-01-01,1933.17
NR,NA,NA,HDD,AT,1987-04-01,683.75
NR,NA,NA,HDD,AT,1987-07-01,181.91
NR,NA,NA,HDD,AT,1987-10-01,1257.6499999999999
NR,NA,NA,HDD,AT,1988-01-01,1579.5300000000002
NR,NA,NA,HDD,AT,1988-04-01,570.84
NR,NA,NA,HDD,AT,1988-07-01,234.87
NR,NA,NA,HDD,AT,1988-10-01,1345.76
NR,NA,NA,HDD,AT,1989-01-01,1382.78
NR,NA,NA,HDD,AT,1989-04-01,623.69
NR,NA,NA,HDD,AT,1989-07-01,249.62
NR,NA,NA,HDD,AT,1989-10-01,1338.93
NR,NA,NA,HDD,AT,1990-01-01,1383.63
NR,NA,NA,HDD,AT,1990-04-01,607.62
NR,NA,NA,HDD,AT,1990-07-01,298.65
NR,NA,NA,HDD,AT,1990-10-01,1363.3899999999999
NR,NA,NA,HDD,AT,1991-01-01,1614.1799999999998
NR,NA,NA,HDD,AT,1991-04-01,780.7
NR,NA,NA,HDD,AT,1991-07-01,157.93
NR,NA,NA,HDD,AT,1991-10-01,1454.78
NR,NA,NA,HDD,AT,1992-01-01,1518.96
NR,NA,NA,HDD,AT,1992-04-01,540.55
NR,NA,NA,HDD,AT,1992-07-01,154.43
NR,NA,NA,HDD,AT,1992-10-01,1381.38
NR,NA,NA,HDD,AT,1993-01-01,1613.18
NR,NA,NA,HDD,AT,1993-04-01,477.74
NR,NA,NA,HDD,AT,1993-07-01,295.89
NR,NA,NA,HDD,AT,1993-10-01,1379.3600000000001
NR,NA,NA,HDD,AT,1994-01-01,1401.27
NR,NA,NA,HDD,AT,1994-04-01,594.17
NR,NA,NA,HDD,AT,1994-07-01,144.69
NR,NA,NA,HDD,AT,1994-10-01,1227.35
NR,NA,NA,HDD,AT,1995-01-01,1577.32
NR,NA,NA,HDD,AT,1995-04-01,606.09
NR,NA,NA,HDD,AT,1995-07-01,259.71000000000004
NR,NA,NA,HDD,AT,1995-10-01,1355.92
NR,NA,NA,HDD,AT,1996-01-01,1837.75
NR,NA,NA,HDD,AT,1996-04-01,547.0799999999999
NR,NA,NA,HDD,AT,1996-07-01,362.37
NR,NA,NA,HDD,AT,1996-10-01,1372.19
NR,NA,NA,HDD,AT,1997-01-01,1516.46
NR,NA,NA,HDD,AT,1997-04-01,625.53
NR,NA,NA,HDD,AT,1997-07-01,207.13
NR,NA,NA,HDD,AT,1997-10-01,1335.74
NR,NA,NA,HDD,AT,1998-01-01,1466.0700000000002
NR,NA,NA,HDD,AT,1998-04-01,528.0799999999999
NR,NA,NA,HDD,AT,1998-07-01,261.99
NR,NA,NA,HDD,AT,1998-10-01,1458.54
NR,NA,NA,HDD,AT,1999-01-01,1583.76
NR,NA,NA,HDD,AT,1999-04-01,533.4300000000001
NR,NA,NA,HDD,AT,1999-07-01,153.22
NR,NA,NA,HDD,AT,1999-10-01,1399.77
NR,NA,NA,HDD,AT,2000-01-01,1586.71
NR,NA,NA,HDD,AT,2000-04-01,420.34000000000003
NR,NA,NA,HDD,AT,2000-07-01,239.60999999999999
NR,NA,NA,HDD,AT,2000-10-01,1162.31
NR,NA,NA,HDD,AT,2001-01-01,1491.6699999999998
NR,NA,NA,HDD,AT,2001-04-01,585.7
NR,NA,NA,HDD,AT,2001-07-01,288.21000000000004
NR,NA,NA,HDD,AT,2001-10-01,1381.51
NR,NA,NA,HDD,AT,2002-01-01,1446.35
NR,NA,NA,HDD,AT,2002-04-01,503.14
NR,NA,NA,HDD,AT,2002-07-01,259.37
NR,NA,NA,HDD,AT,2002-10-01,1271.9299999999998
NR,NA,NA,HDD,AT,2003-01-01,1697.05
NR,NA,NA,HDD,AT,2003-04-01,459.8
NR,NA,NA,HDD,AT,2003-07-01,182.91
NR,NA,NA,HDD,AT,2003-10-01,1363.85
NR,NA,NA,HDD,AT,2004-01-01,1666.54
NR,NA,NA,HDD,AT,2004-04-01,594.7
NR,NA,NA,HDD,AT,2004-07-01,219.61
NR,NA,NA,HDD,AT,2004-10-01,1256.89
NR,NA,NA,HDD,AT,2005-01-01,1708.11
NR,NA,NA,HDD,AT,2005-04-01,533.4200000000001
NR,NA,NA,HDD,AT,2005-07-01,237.49
NR,NA,NA,HDD,AT,2005-10-01,1374.59
NR,NA,NA,HDD,AT,2006-01-01,1802.4699999999998
NR,NA,NA,HDD,AT,2006-04-01,564.45
NR,NA,NA,HDD,AT,2006-07-01,166.56
NR,NA,NA,HDD,AT,2006-10-01,1115.8700000000001
NR,NA,NA,HDD,AT,2007-01-01,1295.97
NR,NA,NA,HDD,AT,2007-04-01,379.11
NR,NA,NA,HDD,AT,2007-07-01,279.33
NR,NA,NA,HDD,AT,2007-10-01,1408.87
NR,NA,NA,HDD,AT,2008-01-01,1430.8200000000002
NR,NA,NA,HDD,AT,2008-04-01,513.0899999999999
NR,NA,NA,HDD,AT,2008-07-01,262.51
NR,NA,NA,HDD,AT,2008-10-01,1238.01
NR,NA,NA,HDD,AT,2009-01-01,1661.15
NR,NA,NA,HDD,AT,2009-04-01,426.76
NR,NA,NA,HDD,AT,2009-07-01,137.78
NR,NA,NA,HDD,AT,2009-10-01,1279.15
NR,NA,NA,HDD,AT,2010-01-01,1682.62
NR,NA,NA,HDD,AT,2010-04-01,553.14
NR,NA,NA,HDD,AT,2010-07-01,251.34
NR,NA,NA,HDD,AT,2010-10-01,1418.7800000000002
NR,NA,NA,HDD,AT,2011-01-01,1531.2199999999998
NR,NA,NA,HDD,AT,2011-04-01,432.65
NR,NA,NA,HDD,AT,2011-07-01,167.39
NR,NA,NA,HDD,AT,2011-10-01,1278.02
NR,NA,NA,HDD,AT,2012-01-01,1598.62
NR,NA,NA,HDD,AT,2012-04-01,498.95
NR,NA,NA,HDD,AT,2012-07-01,179
NR,NA,NA,HDD,AT,2012-10-01,1276.28
NR,NA,NA,HDD,AT,2013-01-01,1666.08
NR,NA,NA,HDD,AT,2013-04-01,561.4200000000001
NR,NA,NA,HDD,AT,2013-07-01,190.33
NR,NA,NA,HDD,AT,2013-10-01,1217.6
NR,NA,NA,HDD,AT,2014-01-01,1322.6100000000001
NR,NA,NA,HDD,AT,2014-04-01,504.97999999999996
NR,NA,NA,HDD,AT,2014-07-01,219.5
NR,NA,NA,HDD,AT,2014-10-01,1079.8899999999999
NR,NA,NA,HDD,AT,2015-01-01,1491.37
NR,NA,NA,HDD,AT,2015-04-01,507.49
NR,NA,NA,HDD,AT,2015-07-01,192.63
NR,NA,NA,HDD,AT,2015-10-01,1124.93
NR,NA,NA,HDD,AT,2016-01-01,1460.85
NR,NA,NA,HDD,AT,2016-04-01,509.28
NR,NA,NA,HDD,AT,2016-07-01,149.15
NR,NA,NA,HDD,AT,2016-10-01,1300.02
NR,NA,NA,HDD,AT,2017-01-01,1520.4499999999998
NR,NA,NA,HDD,AT,2017-04-01,479.22
NR,NA,NA,HDD,AT,2017-07-01,235.05
NR,NA,NA,HDD,AT,2017-10-01,1263.35
NR,NA,NA,HDD,AT,2018-01-01,1610.28
NR,NA,NA,HDD,AT,2018-04-01,298.51
NR,NA,NA,HDD,AT,2018-07-01,132.27
NR,NA,NA,HDD,AT,2018-10-01,1152.5900000000001
NR,NA,NA,HDD,AT,2019-01-01,1449
NR,NA,NA,HDD,AT,2019-04-01,536.36
NR,NA,NA,HDD,AT,2019-07-01,151.9
NR,NA,NA,HDD,AT,2019-10-01,1142.24
NR,NA,NA,HDD,AT,2020-01-01,1410.3
NR,NA,NA,HDD,AT,2020-04-01,505.59000000000003
NR,NA,NA,HDD,AT,2020-07-01,152.95000000000002
NR,NA,NA,HDD,AT,2020-10-01,1253.53
NR,NA,NA,HDD,AT,2021-01-01,1533.77
NR,NA,NA,HDD,AT,2021-04-01,632.1
NR,NA,NA,HDD,AT,2021-07-01,172.71
NR,NA,NA,HDD,AT,2021-10-01,1294.8600000000001
NR,NA,NA,HDD,AT,2022-01-01,1443.72
NR,NA,NA,HDD,AT,2022-04-01,458.34000000000003
NR,NA,NA,HDD,AT,2022-07-01,192.69
NR,NA,NA,HDD,AT,2022-10-01,1134.06
NR,NA,NA,HDD,AT,2023-01-01,1381.71
NR,NA,NA,HDD,AT,2023-04-01,552.5
NR,NA,NA,HDD,AT,2023-07-01,100.59
NR,NA,NA,HDD,AT,2023-10-01,1112.8400000000001
NA,NA,NA,EmiCO2Combustion,AT,2000-01-01,24673.626320930474
NA,NA,NA,EmiCO2Combustion,AT,2000-04-01,15554.798709446142
NA,NA,NA,EmiCO2Combustion,AT,2000-07-01,13996.04521511649
NA,NA,NA,EmiCO2Combustion,AT,2000-10-01,21336.76245815405
NA,NA,NA,EmiCO2Combustion,AT,2001-01-01,24912.871707626044
NA,NA,NA,EmiCO2Combustion,AT,2001-04-01,16971.563828171675
NA,NA,NA,EmiCO2Combustion,AT,2001-07-01,14664.109569706052
NA,NA,NA,EmiCO2Combustion,AT,2001-10-01,24514.093401749706
NA,NA,NA,EmiCO2Combustion,AT,2002-01-01,25311.24847996366
NA,NA,NA,EmiCO2Combustion,AT,2002-04-01,17353.94788497378
NA,NA,NA,EmiCO2Combustion,AT,2002-07-01,15188.795420257306
NA,NA,NA,EmiCO2Combustion,AT,2002-10-01,23592.836904485994
NA,NA,NA,EmiCO2Combustion,AT,2003-01-01,27434.29929687166
NA,NA,NA,EmiCO2Combustion,AT,2003-04-01,17848.62542977599
NA,NA,NA,EmiCO2Combustion,AT,2003-07-01,16391.252959063033
NA,NA,NA,EmiCO2Combustion,AT,2003-10-01,25427.24654839848
NA,NA,NA,EmiCO2Combustion,AT,2004-01-01,27695.4831289532
NA,NA,NA,EmiCO2Combustion,AT,2004-04-01,19501.211544998598
NA,NA,NA,EmiCO2Combustion,AT,2004-07-01,16571.71967169555
NA,NA,NA,EmiCO2Combustion,AT,2004-10-01,24821.633826570003
NA,NA,NA,EmiCO2Combustion,AT,2005-01-01,28593.820111945817
NA,NA,NA,EmiCO2Combustion,AT,2005-04-01,19638.433427276705
NA,NA,NA,EmiCO2Combustion,AT,2005-07-01,17199.150174899478
NA,NA,NA,EmiCO2Combustion,AT,2005-10-01,26411.18464040323
NA,NA,NA,EmiCO2Combustion,AT,2006-01-01,29777.992779575423
NA,NA,NA,EmiCO2Combustion,AT,2006-04-01,19582.40292253934
NA,NA,NA,EmiCO2Combustion,AT,2006-07-01,17409.42147441194
NA,NA,NA,EmiCO2Combustion,AT,2006-10-01,24959.47005501207
NA,NA,NA,EmiCO2Combustion,AT,2007-01-01,26399.924655599498
NA,NA,NA,EmiCO2Combustion,AT,2007-04-01,19042.02324087775
NA,NA,NA,EmiCO2Combustion,AT,2007-07-01,18026.31190713235
NA,NA,NA,EmiCO2Combustion,AT,2007-10-01,26897.94820720223
NA,NA,NA,EmiCO2Combustion,AT,2008-01-01,27552.27420086113
NA,NA,NA,EmiCO2Combustion,AT,2008-04-01,19453.24118921789
NA,NA,NA,EmiCO2Combustion,AT,2008-07-01,17923.976017538844
NA,NA,NA,EmiCO2Combustion,AT,2008-10-01,25743.495241552002
NA,NA,NA,EmiCO2Combustion,AT,2009-01-01,26767.488929627038
NA,NA,NA,EmiCO2Combustion,AT,2009-04-01,17935.423080134817
NA,NA,NA,EmiCO2Combustion,AT,2009-07-01,15969.210222546037
NA,NA,NA,EmiCO2Combustion,AT,2009-10-01,24834.252987965756
NA,NA,NA,EmiCO2Combustion,AT,2010-01-01,28345.2293171699
NA,NA,NA,EmiCO2Combustion,AT,2010-04-01,20175.181841539314
NA,NA,NA,EmiCO2Combustion,AT,2010-07-01,17998.164077238005
NA,NA,NA,EmiCO2Combustion,AT,2010-10-01,26931.523236959925
NA,NA,NA,EmiCO2Combustion,AT,2011-01-01,28397.73821161806
NA,NA,NA,EmiCO2Combustion,AT,2011-04-01,20106.24507928759
NA,NA,NA,EmiCO2Combustion,AT,2011-07-01,17209.85295740959
NA,NA,NA,EmiCO2Combustion,AT,2011-10-01,25591.249417220817
NA,NA,NA,EmiCO2Combustion,AT,2012-01-01,27498.67512379707
NA,NA,NA,EmiCO2Combustion,AT,2012-04-01,19171.19784664709
NA,NA,NA,EmiCO2Combustion,AT,2012-07-01,16880.620988035756
NA,NA,NA,EmiCO2Combustion,AT,2012-10-01,25664.86873139199
NA,NA,NA,EmiCO2Combustion,AT,2013-01-01,28287.324198410635
NA,NA,NA,EmiCO2Combustion,AT,2013-04-01,19660.410090418667
NA,NA,NA,EmiCO2Combustion,AT,2013-07-01,17189.200735430968
NA,NA,NA,EmiCO2Combustion,AT,2013-10-01,24950.06152970338
NA,NA,NA,EmiCO2Combustion,AT,2014-01-01,25094.361243643278
NA,NA,NA,EmiCO2Combustion,AT,2014-04-01,19144.71157855556
NA,NA,NA,EmiCO2Combustion,AT,2014-07-01,16933.61140391514
NA,NA,NA,EmiCO2Combustion,AT,2014-10-01,24257.888363814236
NA,NA,NA,EmiCO2Combustion,AT,2015-01-01,26312.607842104233
NA,NA,NA,EmiCO2Combustion,AT,2015-04-01,18887.886612933737
NA,NA,NA,EmiCO2Combustion,AT,2015-07-01,17006.763172612365
NA,NA,NA,EmiCO2Combustion,AT,2015-10-01,24820.609159485713
NA,NA,NA,EmiCO2Combustion,AT,2016-01-01,26069.093969772905
NA,NA,NA,EmiCO2Combustion,AT,2016-04-01,19248.600020110236
NA,NA,NA,EmiCO2Combustion,AT,2016-07-01,16508.348359709027
NA,NA,NA,EmiCO2Combustion,AT,2016-10-01,26226.625661188664
NA,NA,NA,EmiCO2Combustion,AT,2017-01-01,26959.436561387323
NA,NA,NA,EmiCO2Combustion,AT,2017-04-01,20194.32699327079
NA,NA,NA,EmiCO2Combustion,AT,2017-07-01,18166.35413022491
NA,NA,NA,EmiCO2Combustion,AT,2017-10-01,25107.571624736185
NA,NA,NA,EmiCO2Combustion,AT,2018-01-01,26650.742834674882
NA,NA,NA,EmiCO2Combustion,AT,2018-04-01,18649.093548094443
NA,NA,NA,EmiCO2Combustion,AT,2018-07-01,16812.18427507161
NA,NA,NA,EmiCO2Combustion,AT,2018-10-01,24278.36530603704
NA,NA,NA,EmiCO2Combustion,AT,2019-01-01,27115.453243949665
NA,NA,NA,EmiCO2Combustion,AT,2019-04-01,19020.873718175164
NA,NA,NA,EmiCO2Combustion,AT,2019-07-01,17274.614851213668
NA,NA,NA,EmiCO2Combustion,AT,2019-10-01,24549.86460503724
NA,NA,NA,EmiCO2Combustion,AT,2020-01-01,24092.53061585289
NA,NA,NA,EmiCO2Combustion,AT,2020-04-01,17676.077871540583
NA,NA,NA,EmiCO2Combustion,AT,2020-07-01,15971.360697561242
NA,NA,NA,EmiCO2Combustion,AT,2020-10-01,22167.221152267306
NA,NA,NA,EmiCO2Combustion,AT,2021-01-01,25492.321935140622
NA,NA,NA,EmiCO2Combustion,AT,2021-04-01,17835.289629501433
NA,NA,NA,EmiCO2Combustion,AT,2021-07-01,16146.789344276965
NA,NA,NA,EmiCO2Combustion,AT,2021-10-01,22978.274815365097
