unit,s_adj,na_item,geo,time,values,nace_r2,p_adj,cpa2_1
CLV05_MEUR,SCA,GCapitalForm,AT,2022-04-01,19821,NA,NA,NA
CLV05_MEUR,SCA,GCapitalForm,AT,2022-01-01,20149.6,NA,NA,NA
CLV05_MEUR,SCA,GCapitalForm,AT,2021-10-01,19893.7,NA,NA,NA
CLV05_MEUR,SCA,GCapitalForm,AT,2021-07-01,18878.3,NA,NA,NA
CLV05_MEUR,SCA,GCapitalForm,AT,2021-04-01,20670.5,NA,NA,NA
CLV05_MEUR,SCA,GCapitalForm,AT,2021-01-01,21011.1,NA,NA,NA
CLV05_MEUR,SCA,GCapitalForm,AT,2020-10-01,18986,NA,NA,NA
CLV05_MEUR,SCA,GCapitalForm,AT,2020-07-01,17936.7,NA,NA,NA
CLV05_MEUR,SCA,GCapitalForm,AT,2020-04-01,16945.1,NA,NA,NA
CLV05_MEUR,SCA,GCapitalForm,AT,2020-01-01,18425.4,NA,NA,NA
CLV05_MEUR,SCA,GCapitalForm,AT,2019-10-01,17965.4,NA,NA,NA
CLV05_MEUR,SCA,GCapitalForm,AT,2019-07-01,19130.4,NA,NA,NA
CLV05_MEUR,SCA,GCapitalForm,AT,2019-04-01,19466.4,NA,NA,NA
CLV05_MEUR,SCA,GCapitalForm,AT,2019-01-01,19212.3,NA,NA,NA
CLV05_MEUR,SCA,GCapitalForm,AT,2018-10-01,19826.2,NA,NA,NA
CLV05_MEUR,SCA,GCapitalForm,AT,2018-07-01,19528.7,NA,NA,NA
CLV05_MEUR,SCA,GCapitalForm,AT,2018-04-01,18457.8,NA,NA,NA
CLV05_MEUR,SCA,GCapitalForm,AT,2018-01-01,18379.7,NA,NA,NA
CLV05_MEUR,SCA,GCapitalForm,AT,2017-10-01,18279.3,NA,NA,NA
CLV05_MEUR,SCA,GCapitalForm,AT,2017-07-01,18221.3,NA,NA,NA
CLV05_MEUR,SCA,GCapitalForm,AT,2017-04-01,17720.5,NA,NA,NA
CLV05_MEUR,SCA,GCapitalForm,AT,2017-01-01,17769.2,NA,NA,NA
CLV05_MEUR,SCA,GCapitalForm,AT,2016-10-01,17693.7,NA,NA,NA
CLV05_MEUR,SCA,GCapitalForm,AT,2016-07-01,16869.7,NA,NA,NA
CLV05_MEUR,SCA,GCapitalForm,AT,2016-04-01,17426.6,NA,NA,NA
CLV05_MEUR,SCA,GCapitalForm,AT,2016-01-01,17115.3,NA,NA,NA
CLV05_MEUR,SCA,GCapitalForm,AT,2015-10-01,17306.5,NA,NA,NA
CLV05_MEUR,SCA,GCapitalForm,AT,2015-07-01,17108.2,NA,NA,NA
CLV05_MEUR,SCA,GCapitalForm,AT,2015-04-01,16178.5,NA,NA,NA
CLV05_MEUR,SCA,GCapitalForm,AT,2015-01-01,15451.5,NA,NA,NA
CLV05_MEUR,SCA,GCapitalForm,AT,2014-10-01,15736.6,NA,NA,NA
CLV05_MEUR,SCA,GCapitalForm,AT,2014-07-01,15827.8,NA,NA,NA
CLV05_MEUR,SCA,GCapitalForm,AT,2014-04-01,16257.2,NA,NA,NA
CLV05_MEUR,SCA,GCapitalForm,AT,2014-01-01,16143.6,NA,NA,NA
CLV05_MEUR,SCA,GCapitalForm,AT,2013-10-01,16520,NA,NA,NA
CLV05_MEUR,SCA,GCapitalForm,AT,2013-07-01,16068.6,NA,NA,NA
CLV05_MEUR,SCA,GCapitalForm,AT,2013-04-01,15713.4,NA,NA,NA
CLV05_MEUR,SCA,GCapitalForm,AT,2013-01-01,14990.9,NA,NA,NA
CLV05_MEUR,SCA,GCapitalForm,AT,2012-10-01,15948.2,NA,NA,NA
CLV05_MEUR,SCA,GCapitalForm,AT,2012-07-01,15809.4,NA,NA,NA
CLV05_MEUR,SCA,GCapitalForm,AT,2012-04-01,15911.7,NA,NA,NA
CLV05_MEUR,SCA,GCapitalForm,AT,2012-01-01,16132.3,NA,NA,NA
CLV05_MEUR,SCA,GCapitalForm,AT,2011-10-01,15696.6,NA,NA,NA
CLV05_MEUR,SCA,GCapitalForm,AT,2011-07-01,16729.7,NA,NA,NA
CLV05_MEUR,SCA,GCapitalForm,AT,2011-04-01,15762,NA,NA,NA
CLV05_MEUR,SCA,GCapitalForm,AT,2011-01-01,16079.7,NA,NA,NA
CLV05_MEUR,SCA,GCapitalForm,AT,2010-10-01,15216.4,NA,NA,NA
CLV05_MEUR,SCA,GCapitalForm,AT,2010-07-01,14709,NA,NA,NA
CLV05_MEUR,SCA,GCapitalForm,AT,2010-04-01,15067.8,NA,NA,NA
CLV05_MEUR,SCA,GCapitalForm,AT,2010-01-01,14266.4,NA,NA,NA
CLV05_MEUR,SCA,FinConsExpHH,AT,2022-04-01,39076.5,NA,NA,NA
CLV05_MEUR,SCA,FinConsExpHH,AT,2022-01-01,39348.2,NA,NA,NA
CLV05_MEUR,SCA,FinConsExpHH,AT,2021-10-01,38060.6,NA,NA,NA
CLV05_MEUR,SCA,FinConsExpHH,AT,2021-07-01,39703.2,NA,NA,NA
CLV05_MEUR,SCA,FinConsExpHH,AT,2021-04-01,36655.9,NA,NA,NA
CLV05_MEUR,SCA,FinConsExpHH,AT,2021-01-01,35001,NA,NA,NA
CLV05_MEUR,SCA,FinConsExpHH,AT,2020-10-01,35682.6,NA,NA,NA
CLV05_MEUR,SCA,FinConsExpHH,AT,2020-07-01,37167.3,NA,NA,NA
CLV05_MEUR,SCA,FinConsExpHH,AT,2020-04-01,33346.3,NA,NA,NA
CLV05_MEUR,SCA,FinConsExpHH,AT,2020-01-01,38349.1,NA,NA,NA
CLV05_MEUR,SCA,FinConsExpHH,AT,2019-10-01,39164.6,NA,NA,NA
CLV05_MEUR,SCA,FinConsExpHH,AT,2019-07-01,39071.6,NA,NA,NA
CLV05_MEUR,SCA,FinConsExpHH,AT,2019-04-01,39175.8,NA,NA,NA
CLV05_MEUR,SCA,FinConsExpHH,AT,2019-01-01,39571.4,NA,NA,NA
CLV05_MEUR,SCA,FinConsExpHH,AT,2018-10-01,39072.4,NA,NA,NA
CLV05_MEUR,SCA,FinConsExpHH,AT,2018-07-01,38748.4,NA,NA,NA
CLV05_MEUR,SCA,FinConsExpHH,AT,2018-04-01,39035.5,NA,NA,NA
CLV05_MEUR,SCA,FinConsExpHH,AT,2018-01-01,39277,NA,NA,NA
CLV05_MEUR,SCA,FinConsExpHH,AT,2017-10-01,38503.6,NA,NA,NA
CLV05_MEUR,SCA,FinConsExpHH,AT,2017-07-01,38936.9,NA,NA,NA
CLV05_MEUR,SCA,FinConsExpHH,AT,2017-04-01,38537.7,NA,NA,NA
CLV05_MEUR,SCA,FinConsExpHH,AT,2017-01-01,38419.4,NA,NA,NA
CLV05_MEUR,SCA,FinConsExpHH,AT,2016-10-01,38335.8,NA,NA,NA
CLV05_MEUR,SCA,FinConsExpHH,AT,2016-07-01,37867.8,NA,NA,NA
CLV05_MEUR,SCA,FinConsExpHH,AT,2016-04-01,37799.2,NA,NA,NA
CLV05_MEUR,SCA,FinConsExpHH,AT,2016-01-01,37361.8,NA,NA,NA
CLV05_MEUR,SCA,FinConsExpHH,AT,2015-10-01,37524.6,NA,NA,NA
CLV05_MEUR,SCA,FinConsExpHH,AT,2015-07-01,37270.5,NA,NA,NA
CLV05_MEUR,SCA,FinConsExpHH,AT,2015-04-01,37068.6,NA,NA,NA
CLV05_MEUR,SCA,FinConsExpHH,AT,2015-01-01,37168.1,NA,NA,NA
CLV05_MEUR,SCA,FinConsExpHH,AT,2014-10-01,36947.8,NA,NA,NA
CLV05_MEUR,SCA,FinConsExpHH,AT,2014-07-01,37173.2,NA,NA,NA
CLV05_MEUR,SCA,FinConsExpHH,AT,2014-04-01,37049,NA,NA,NA
CLV05_MEUR,SCA,FinConsExpHH,AT,2014-01-01,37144.5,NA,NA,NA
CLV05_MEUR,SCA,FinConsExpHH,AT,2013-10-01,37051.5,NA,NA,NA
CLV05_MEUR,SCA,FinConsExpHH,AT,2013-07-01,36928.8,NA,NA,NA
CLV05_MEUR,SCA,FinConsExpHH,AT,2013-04-01,36926.1,NA,NA,NA
CLV05_MEUR,SCA,FinConsExpHH,AT,2013-01-01,36942.3,NA,NA,NA
CLV05_MEUR,SCA,FinConsExpHH,AT,2012-10-01,36729.6,NA,NA,NA
CLV05_MEUR,SCA,FinConsExpHH,AT,2012-07-01,36829.2,NA,NA,NA
CLV05_MEUR,SCA,FinConsExpHH,AT,2012-04-01,37068.6,NA,NA,NA
CLV05_MEUR,SCA,FinConsExpHH,AT,2012-01-01,37372.9,NA,NA,NA
CLV05_MEUR,SCA,FinConsExpHH,AT,2011-10-01,37231.1,NA,NA,NA
CLV05_MEUR,SCA,FinConsExpHH,AT,2011-07-01,36852.7,NA,NA,NA
CLV05_MEUR,SCA,FinConsExpHH,AT,2011-04-01,36671.5,NA,NA,NA
CLV05_MEUR,SCA,FinConsExpHH,AT,2011-01-01,36380,NA,NA,NA
CLV05_MEUR,SCA,FinConsExpHH,AT,2010-10-01,36545.9,NA,NA,NA
CLV05_MEUR,SCA,FinConsExpHH,AT,2010-07-01,36695.4,NA,NA,NA
CLV05_MEUR,SCA,FinConsExpHH,AT,2010-04-01,35900.2,NA,NA,NA
CLV05_MEUR,SCA,FinConsExpHH,AT,2010-01-01,35976.6,NA,NA,NA
CLV05_MEUR,SCA,Import,AT,2022-04-01,46754,NA,NA,NA
CLV05_MEUR,SCA,Import,AT,2022-01-01,47444.5,NA,NA,NA
CLV05_MEUR,SCA,Import,AT,2021-10-01,46857.5,NA,NA,NA
CLV05_MEUR,SCA,Import,AT,2021-07-01,45740.4,NA,NA,NA
CLV05_MEUR,SCA,Import,AT,2021-04-01,44998.8,NA,NA,NA
CLV05_MEUR,SCA,Import,AT,2021-01-01,42770.3,NA,NA,NA
CLV05_MEUR,SCA,Import,AT,2020-10-01,41113.1,NA,NA,NA
CLV05_MEUR,SCA,Import,AT,2020-07-01,39472.7,NA,NA,NA
CLV05_MEUR,SCA,Import,AT,2020-04-01,35736.4,NA,NA,NA
CLV05_MEUR,SCA,Import,AT,2020-01-01,42579.7,NA,NA,NA
CLV05_MEUR,SCA,Import,AT,2019-10-01,42743.3,NA,NA,NA
CLV05_MEUR,SCA,Import,AT,2019-07-01,43882.2,NA,NA,NA
CLV05_MEUR,SCA,Import,AT,2019-04-01,44167.1,NA,NA,NA
CLV05_MEUR,SCA,Import,AT,2019-01-01,44235.4,NA,NA,NA
CLV05_MEUR,SCA,Import,AT,2018-10-01,43957,NA,NA,NA
CLV05_MEUR,SCA,Import,AT,2018-07-01,43124.2,NA,NA,NA
CLV05_MEUR,SCA,Import,AT,2018-04-01,42365,NA,NA,NA
CLV05_MEUR,SCA,Import,AT,2018-01-01,42229.2,NA,NA,NA
CLV05_MEUR,SCA,Import,AT,2017-10-01,41346.2,NA,NA,NA
CLV05_MEUR,SCA,Import,AT,2017-07-01,41056.8,NA,NA,NA
CLV05_MEUR,SCA,Import,AT,2017-04-01,40673.2,NA,NA,NA
CLV05_MEUR,SCA,Import,AT,2017-01-01,40055.4,NA,NA,NA
CLV05_MEUR,SCA,Import,AT,2016-10-01,38881.5,NA,NA,NA
CLV05_MEUR,SCA,Import,AT,2016-07-01,38465.1,NA,NA,NA
CLV05_MEUR,SCA,Import,AT,2016-04-01,38472.2,NA,NA,NA
CLV05_MEUR,SCA,Import,AT,2016-01-01,38946.6,NA,NA,NA
CLV05_MEUR,SCA,Import,AT,2015-10-01,38335.2,NA,NA,NA
CLV05_MEUR,SCA,Import,AT,2015-07-01,38048.8,NA,NA,NA
CLV05_MEUR,SCA,Import,AT,2015-04-01,36557.8,NA,NA,NA
CLV05_MEUR,SCA,Import,AT,2015-01-01,35715.4,NA,NA,NA
CLV05_MEUR,SCA,Import,AT,2014-10-01,36278.9,NA,NA,NA
CLV05_MEUR,SCA,Import,AT,2014-07-01,36153.8,NA,NA,NA
CLV05_MEUR,SCA,Import,AT,2014-04-01,35596.9,NA,NA,NA
CLV05_MEUR,SCA,Import,AT,2014-01-01,35464.4,NA,NA,NA
CLV05_MEUR,SCA,Import,AT,2013-10-01,35965.8,NA,NA,NA
CLV05_MEUR,SCA,Import,AT,2013-07-01,35326.4,NA,NA,NA
CLV05_MEUR,SCA,Import,AT,2013-04-01,34538.8,NA,NA,NA
CLV05_MEUR,SCA,Import,AT,2013-01-01,33507.9,NA,NA,NA
CLV05_MEUR,SCA,Import,AT,2012-10-01,34535.8,NA,NA,NA
CLV05_MEUR,SCA,Import,AT,2012-07-01,34658.2,NA,NA,NA
CLV05_MEUR,SCA,Import,AT,2012-04-01,34777.7,NA,NA,NA
CLV05_MEUR,SCA,Import,AT,2012-01-01,35047.4,NA,NA,NA
CLV05_MEUR,SCA,Import,AT,2011-10-01,34459.9,NA,NA,NA
CLV05_MEUR,SCA,Import,AT,2011-07-01,34648.7,NA,NA,NA
CLV05_MEUR,SCA,Import,AT,2011-04-01,34062.9,NA,NA,NA
CLV05_MEUR,SCA,Import,AT,2011-01-01,34176.5,NA,NA,NA
CLV05_MEUR,SCA,Import,AT,2010-10-01,33300.5,NA,NA,NA
CLV05_MEUR,SCA,Import,AT,2010-07-01,33078.6,NA,NA,NA
CLV05_MEUR,SCA,Import,AT,2010-04-01,32382.2,NA,NA,NA
CLV05_MEUR,SCA,Import,AT,2010-01-01,30468,NA,NA,NA
CP_MEUR,SCA,StatDiscrep,AT,2022-04-01,-384.4,NA,NA,NA
CP_MEUR,SCA,StatDiscrep,AT,2022-01-01,-201,NA,NA,NA
CP_MEUR,SCA,StatDiscrep,AT,2021-10-01,-284.5,NA,NA,NA
CP_MEUR,SCA,StatDiscrep,AT,2021-07-01,548.7,NA,NA,NA
CP_MEUR,SCA,StatDiscrep,AT,2021-04-01,-163.8,NA,NA,NA
CP_MEUR,SCA,StatDiscrep,AT,2021-01-01,557.8,NA,NA,NA
CP_MEUR,SCA,StatDiscrep,AT,2020-10-01,29.6,NA,NA,NA
CP_MEUR,SCA,StatDiscrep,AT,2020-07-01,516,NA,NA,NA
CP_MEUR,SCA,StatDiscrep,AT,2020-04-01,248.3,NA,NA,NA
CP_MEUR,SCA,StatDiscrep,AT,2020-01-01,-36.1,NA,NA,NA
CP_MEUR,SCA,StatDiscrep,AT,2019-10-01,408.3,NA,NA,NA
CP_MEUR,SCA,StatDiscrep,AT,2019-07-01,-8.1,NA,NA,NA
CP_MEUR,SCA,StatDiscrep,AT,2019-04-01,-250.7,NA,NA,NA
CP_MEUR,SCA,StatDiscrep,AT,2019-01-01,-561.8,NA,NA,NA
CP_MEUR,SCA,StatDiscrep,AT,2018-10-01,343.6,NA,NA,NA
CP_MEUR,SCA,StatDiscrep,AT,2018-07-01,5.3,NA,NA,NA
CP_MEUR,SCA,StatDiscrep,AT,2018-04-01,-730.2,NA,NA,NA
CP_MEUR,SCA,StatDiscrep,AT,2018-01-01,235.6,NA,NA,NA
CP_MEUR,SCA,StatDiscrep,AT,2017-10-01,-64.8,NA,NA,NA
CP_MEUR,SCA,StatDiscrep,AT,2017-07-01,-227.8,NA,NA,NA
CP_MEUR,SCA,StatDiscrep,AT,2017-04-01,239.7,NA,NA,NA
CP_MEUR,SCA,StatDiscrep,AT,2017-01-01,-42.1,NA,NA,NA
CP_MEUR,SCA,StatDiscrep,AT,2016-10-01,-356,NA,NA,NA
CP_MEUR,SCA,StatDiscrep,AT,2016-07-01,-297.1,NA,NA,NA
CP_MEUR,SCA,StatDiscrep,AT,2016-04-01,-124,NA,NA,NA
CP_MEUR,SCA,StatDiscrep,AT,2016-01-01,824.2,NA,NA,NA
CP_MEUR,SCA,StatDiscrep,AT,2015-10-01,321.5,NA,NA,NA
CP_MEUR,SCA,StatDiscrep,AT,2015-07-01,12.4,NA,NA,NA
CP_MEUR,SCA,StatDiscrep,AT,2015-04-01,-243.1,NA,NA,NA
CP_MEUR,SCA,StatDiscrep,AT,2015-01-01,-794.6,NA,NA,NA
CP_MEUR,SCA,StatDiscrep,AT,2014-10-01,419.9,NA,NA,NA
CP_MEUR,SCA,StatDiscrep,AT,2014-07-01,237.6,NA,NA,NA
CP_MEUR,SCA,StatDiscrep,AT,2014-04-01,-123.5,NA,NA,NA
CP_MEUR,SCA,StatDiscrep,AT,2014-01-01,-663,NA,NA,NA
CP_MEUR,SCA,StatDiscrep,AT,2013-10-01,372.7,NA,NA,NA
CP_MEUR,SCA,StatDiscrep,AT,2013-07-01,-180.1,NA,NA,NA
CP_MEUR,SCA,StatDiscrep,AT,2013-04-01,-465.7,NA,NA,NA
CP_MEUR,SCA,StatDiscrep,AT,2013-01-01,-762.1,NA,NA,NA
CP_MEUR,SCA,StatDiscrep,AT,2012-10-01,-350.9,NA,NA,NA
CP_MEUR,SCA,StatDiscrep,AT,2012-07-01,-219.1,NA,NA,NA
CP_MEUR,SCA,StatDiscrep,AT,2012-04-01,-7.3,NA,NA,NA
CP_MEUR,SCA,StatDiscrep,AT,2012-01-01,284.8,NA,NA,NA
CP_MEUR,SCA,StatDiscrep,AT,2011-10-01,-692.5,NA,NA,NA
CP_MEUR,SCA,StatDiscrep,AT,2011-07-01,-325.9,NA,NA,NA
CP_MEUR,SCA,StatDiscrep,AT,2011-04-01,-93.2,NA,NA,NA
CP_MEUR,SCA,StatDiscrep,AT,2011-01-01,250.4,NA,NA,NA
CP_MEUR,SCA,StatDiscrep,AT,2010-10-01,-155.1,NA,NA,NA
CP_MEUR,SCA,StatDiscrep,AT,2010-07-01,-310.2,NA,NA,NA
CP_MEUR,SCA,StatDiscrep,AT,2010-04-01,-76.7,NA,NA,NA
CP_MEUR,SCA,StatDiscrep,AT,2010-01-01,-149.1,NA,NA,NA
CLV05_MEUR,SCA,GDP,AT,2022-04-01,80023.5,NA,NA,NA
CLV05_MEUR,SCA,GDP,AT,2022-01-01,78503.2,NA,NA,NA
CLV05_MEUR,SCA,GDP,AT,2021-10-01,77548.8,NA,NA,NA
CLV05_MEUR,SCA,GDP,AT,2021-07-01,78613.7,NA,NA,NA
CLV05_MEUR,SCA,GDP,AT,2021-04-01,75361.9,NA,NA,NA
CLV05_MEUR,SCA,GDP,AT,2021-01-01,72386.7,NA,NA,NA
CLV05_MEUR,SCA,GDP,AT,2020-10-01,73123.9,NA,NA,NA
CLV05_MEUR,SCA,GDP,AT,2020-07-01,74557.7,NA,NA,NA
CLV05_MEUR,SCA,GDP,AT,2020-04-01,66986.8,NA,NA,NA
CLV05_MEUR,SCA,GDP,AT,2020-01-01,75538.8,NA,NA,NA
CLV05_MEUR,SCA,GDP,AT,2019-10-01,77479.7,NA,NA,NA
CLV05_MEUR,SCA,GDP,AT,2019-07-01,77850.8,NA,NA,NA
CLV05_MEUR,SCA,GDP,AT,2019-04-01,77526.8,NA,NA,NA
CLV05_MEUR,SCA,GDP,AT,2019-01-01,77743.5,NA,NA,NA
CLV05_MEUR,SCA,GDP,AT,2018-10-01,77453.4,NA,NA,NA
CLV05_MEUR,SCA,GDP,AT,2018-07-01,76474,NA,NA,NA
CLV05_MEUR,SCA,GDP,AT,2018-04-01,76182.4,NA,NA,NA
CLV05_MEUR,SCA,GDP,AT,2018-01-01,75958.4,NA,NA,NA
CLV05_MEUR,SCA,GDP,AT,2017-10-01,75418.8,NA,NA,NA
CLV05_MEUR,SCA,GDP,AT,2017-07-01,74957.7,NA,NA,NA
CLV05_MEUR,SCA,GDP,AT,2017-04-01,74498.8,NA,NA,NA
CLV05_MEUR,SCA,GDP,AT,2017-01-01,73972.5,NA,NA,NA
CLV05_MEUR,SCA,GDP,AT,2016-10-01,73759.1,NA,NA,NA
CLV05_MEUR,SCA,GDP,AT,2016-07-01,73084.9,NA,NA,NA
CLV05_MEUR,SCA,GDP,AT,2016-04-01,72728.4,NA,NA,NA
CLV05_MEUR,SCA,GDP,AT,2016-01-01,72476.2,NA,NA,NA
CLV05_MEUR,SCA,GDP,AT,2015-10-01,71948.8,NA,NA,NA
CLV05_MEUR,SCA,GDP,AT,2015-07-01,71836.3,NA,NA,NA
CLV05_MEUR,SCA,GDP,AT,2015-04-01,71336.7,NA,NA,NA
CLV05_MEUR,SCA,GDP,AT,2015-01-01,71234.2,NA,NA,NA
CLV05_MEUR,SCA,GDP,AT,2014-10-01,71074.3,NA,NA,NA
CLV05_MEUR,SCA,GDP,AT,2014-07-01,70971.1,NA,NA,NA
CLV05_MEUR,SCA,GDP,AT,2014-04-01,70953.2,NA,NA,NA
CLV05_MEUR,SCA,GDP,AT,2014-01-01,70601.9,NA,NA,NA
CLV05_MEUR,SCA,GDP,AT,2013-10-01,70719.1,NA,NA,NA
CLV05_MEUR,SCA,GDP,AT,2013-07-01,70409.7,NA,NA,NA
CLV05_MEUR,SCA,GDP,AT,2013-04-01,70118.6,NA,NA,NA
CLV05_MEUR,SCA,GDP,AT,2013-01-01,70085.1,NA,NA,NA
CLV05_MEUR,SCA,GDP,AT,2012-10-01,70149.4,NA,NA,NA
CLV05_MEUR,SCA,GDP,AT,2012-07-01,70201,NA,NA,NA
CLV05_MEUR,SCA,GDP,AT,2012-04-01,70360.8,NA,NA,NA
CLV05_MEUR,SCA,GDP,AT,2012-01-01,70662.3,NA,NA,NA
CLV05_MEUR,SCA,GDP,AT,2011-10-01,70062.3,NA,NA,NA
CLV05_MEUR,SCA,GDP,AT,2011-07-01,70087,NA,NA,NA
CLV05_MEUR,SCA,GDP,AT,2011-04-01,69736.5,NA,NA,NA
CLV05_MEUR,SCA,GDP,AT,2011-01-01,69453.2,NA,NA,NA
CLV05_MEUR,SCA,GDP,AT,2010-10-01,68904.3,NA,NA,NA
CLV05_MEUR,SCA,GDP,AT,2010-07-01,68116.8,NA,NA,NA
CLV05_MEUR,SCA,GDP,AT,2010-04-01,67473.3,NA,NA,NA
CLV05_MEUR,SCA,GDP,AT,2010-01-01,66609.5,NA,NA,NA
CLV05_MEUR,SCA,FinConsExpGov,AT,2022-04-01,16406.2,NA,NA,NA
CLV05_MEUR,SCA,FinConsExpGov,AT,2022-01-01,16118.9,NA,NA,NA
CLV05_MEUR,SCA,FinConsExpGov,AT,2021-10-01,16413.2,NA,NA,NA
CLV05_MEUR,SCA,FinConsExpGov,AT,2021-07-01,16169.5,NA,NA,NA
CLV05_MEUR,SCA,FinConsExpGov,AT,2021-04-01,15945.7,NA,NA,NA
CLV05_MEUR,SCA,FinConsExpGov,AT,2021-01-01,15252,NA,NA,NA
CLV05_MEUR,SCA,FinConsExpGov,AT,2020-10-01,15145.3,NA,NA,NA
CLV05_MEUR,SCA,FinConsExpGov,AT,2020-07-01,14790,NA,NA,NA
CLV05_MEUR,SCA,FinConsExpGov,AT,2020-04-01,14477.2,NA,NA,NA
CLV05_MEUR,SCA,FinConsExpGov,AT,2020-01-01,14707.5,NA,NA,NA
CLV05_MEUR,SCA,FinConsExpGov,AT,2019-10-01,14736.5,NA,NA,NA
CLV05_MEUR,SCA,FinConsExpGov,AT,2019-07-01,14979.2,NA,NA,NA
CLV05_MEUR,SCA,FinConsExpGov,AT,2019-04-01,14820.8,NA,NA,NA
CLV05_MEUR,SCA,FinConsExpGov,AT,2019-01-01,14878.9,NA,NA,NA
CLV05_MEUR,SCA,FinConsExpGov,AT,2018-10-01,14704.8,NA,NA,NA
CLV05_MEUR,SCA,FinConsExpGov,AT,2018-07-01,14657.1,NA,NA,NA
CLV05_MEUR,SCA,FinConsExpGov,AT,2018-04-01,14756,NA,NA,NA
CLV05_MEUR,SCA,FinConsExpGov,AT,2018-01-01,14530.5,NA,NA,NA
CLV05_MEUR,SCA,FinConsExpGov,AT,2017-10-01,14453.5,NA,NA,NA
CLV05_MEUR,SCA,FinConsExpGov,AT,2017-07-01,14511.6,NA,NA,NA
CLV05_MEUR,SCA,FinConsExpGov,AT,2017-04-01,14479.6,NA,NA,NA
CLV05_MEUR,SCA,FinConsExpGov,AT,2017-01-01,14464.6,NA,NA,NA
CLV05_MEUR,SCA,FinConsExpGov,AT,2016-10-01,14442.8,NA,NA,NA
CLV05_MEUR,SCA,FinConsExpGov,AT,2016-07-01,14436.1,NA,NA,NA
CLV05_MEUR,SCA,FinConsExpGov,AT,2016-04-01,14256.8,NA,NA,NA
CLV05_MEUR,SCA,FinConsExpGov,AT,2016-01-01,14310.7,NA,NA,NA
CLV05_MEUR,SCA,FinConsExpGov,AT,2015-10-01,14246.8,NA,NA,NA
CLV05_MEUR,SCA,FinConsExpGov,AT,2015-07-01,14085.5,NA,NA,NA
CLV05_MEUR,SCA,FinConsExpGov,AT,2015-04-01,14043.6,NA,NA,NA
CLV05_MEUR,SCA,FinConsExpGov,AT,2015-01-01,14012.8,NA,NA,NA
CLV05_MEUR,SCA,FinConsExpGov,AT,2014-10-01,14055.8,NA,NA,NA
CLV05_MEUR,SCA,FinConsExpGov,AT,2014-07-01,14054,NA,NA,NA
CLV05_MEUR,SCA,FinConsExpGov,AT,2014-04-01,13941.7,NA,NA,NA
CLV05_MEUR,SCA,FinConsExpGov,AT,2014-01-01,13853,NA,NA,NA
CLV05_MEUR,SCA,FinConsExpGov,AT,2013-10-01,13820,NA,NA,NA
CLV05_MEUR,SCA,FinConsExpGov,AT,2013-07-01,13880,NA,NA,NA
CLV05_MEUR,SCA,FinConsExpGov,AT,2013-04-01,13800.4,NA,NA,NA
CLV05_MEUR,SCA,FinConsExpGov,AT,2013-01-01,13955.5,NA,NA,NA
CLV05_MEUR,SCA,FinConsExpGov,AT,2012-10-01,13547.2,NA,NA,NA
CLV05_MEUR,SCA,FinConsExpGov,AT,2012-07-01,13839.2,NA,NA,NA
CLV05_MEUR,SCA,FinConsExpGov,AT,2012-04-01,13840,NA,NA,NA
CLV05_MEUR,SCA,FinConsExpGov,AT,2012-01-01,13797.9,NA,NA,NA
CLV05_MEUR,SCA,FinConsExpGov,AT,2011-10-01,13819.5,NA,NA,NA
CLV05_MEUR,SCA,FinConsExpGov,AT,2011-07-01,13706.7,NA,NA,NA
CLV05_MEUR,SCA,FinConsExpGov,AT,2011-04-01,13724.1,NA,NA,NA
CLV05_MEUR,SCA,FinConsExpGov,AT,2011-01-01,13724.3,NA,NA,NA
CLV05_MEUR,SCA,FinConsExpGov,AT,2010-10-01,13801.7,NA,NA,NA
CLV05_MEUR,SCA,FinConsExpGov,AT,2010-07-01,13774.9,NA,NA,NA
CLV05_MEUR,SCA,FinConsExpGov,AT,2010-04-01,13633.8,NA,NA,NA
CLV05_MEUR,SCA,FinConsExpGov,AT,2010-01-01,13690.3,NA,NA,NA
CLV05_MEUR,SCA,Export,AT,2022-04-01,51759.4,NA,NA,NA
CLV05_MEUR,SCA,Export,AT,2022-01-01,50044.6,NA,NA,NA
CLV05_MEUR,SCA,Export,AT,2021-10-01,49825.7,NA,NA,NA
CLV05_MEUR,SCA,Export,AT,2021-07-01,48424.2,NA,NA,NA
CLV05_MEUR,SCA,Export,AT,2021-04-01,46573.9,NA,NA,NA
CLV05_MEUR,SCA,Export,AT,2021-01-01,42586.3,NA,NA,NA
CLV05_MEUR,SCA,Export,AT,2020-10-01,43753.2,NA,NA,NA
CLV05_MEUR,SCA,Export,AT,2020-07-01,43039.6,NA,NA,NA
CLV05_MEUR,SCA,Export,AT,2020-04-01,37128.9,NA,NA,NA
CLV05_MEUR,SCA,Export,AT,2020-01-01,46280.8,NA,NA,NA
CLV05_MEUR,SCA,Export,AT,2019-10-01,47741.1,NA,NA,NA
CLV05_MEUR,SCA,Export,AT,2019-07-01,48050.9,NA,NA,NA
CLV05_MEUR,SCA,Export,AT,2019-04-01,47821.8,NA,NA,NA
CLV05_MEUR,SCA,Export,AT,2019-01-01,48470,NA,NA,NA
CLV05_MEUR,SCA,Export,AT,2018-10-01,46917,NA,NA,NA
CLV05_MEUR,SCA,Export,AT,2018-07-01,46157.7,NA,NA,NA
CLV05_MEUR,SCA,Export,AT,2018-04-01,46409.4,NA,NA,NA
CLV05_MEUR,SCA,Export,AT,2018-01-01,45477.6,NA,NA,NA
CLV05_MEUR,SCA,Export,AT,2017-10-01,45021.9,NA,NA,NA
CLV05_MEUR,SCA,Export,AT,2017-07-01,44184.3,NA,NA,NA
CLV05_MEUR,SCA,Export,AT,2017-04-01,43842.5,NA,NA,NA
CLV05_MEUR,SCA,Export,AT,2017-01-01,42930.8,NA,NA,NA
CLV05_MEUR,SCA,Export,AT,2016-10-01,41720.9,NA,NA,NA
CLV05_MEUR,SCA,Export,AT,2016-07-01,42234.1,NA,NA,NA
CLV05_MEUR,SCA,Export,AT,2016-04-01,41457.9,NA,NA,NA
CLV05_MEUR,SCA,Export,AT,2016-01-01,41687.8,NA,NA,NA
CLV05_MEUR,SCA,Export,AT,2015-10-01,40533.6,NA,NA,NA
CLV05_MEUR,SCA,Export,AT,2015-07-01,40970.6,NA,NA,NA
CLV05_MEUR,SCA,Export,AT,2015-04-01,40357.8,NA,NA,NA
CLV05_MEUR,SCA,Export,AT,2015-01-01,40586.3,NA,NA,NA
CLV05_MEUR,SCA,Export,AT,2014-10-01,40147.3,NA,NA,NA
CLV05_MEUR,SCA,Export,AT,2014-07-01,39594.8,NA,NA,NA
CLV05_MEUR,SCA,Export,AT,2014-04-01,39113.1,NA,NA,NA
CLV05_MEUR,SCA,Export,AT,2014-01-01,38804.5,NA,NA,NA
CLV05_MEUR,SCA,Export,AT,2013-10-01,38625.2,NA,NA,NA
CLV05_MEUR,SCA,Export,AT,2013-07-01,38684.4,NA,NA,NA
CLV05_MEUR,SCA,Export,AT,2013-04-01,38415.7,NA,NA,NA
CLV05_MEUR,SCA,Export,AT,2013-01-01,37682.7,NA,NA,NA
CLV05_MEUR,SCA,Export,AT,2012-10-01,38414.8,NA,NA,NA
CLV05_MEUR,SCA,Export,AT,2012-07-01,38255.9,NA,NA,NA
CLV05_MEUR,SCA,Export,AT,2012-04-01,38051,NA,NA,NA
CLV05_MEUR,SCA,Export,AT,2012-01-01,37842.5,NA,NA,NA
CLV05_MEUR,SCA,Export,AT,2011-10-01,38013.2,NA,NA,NA
CLV05_MEUR,SCA,Export,AT,2011-07-01,37529,NA,NA,NA
CLV05_MEUR,SCA,Export,AT,2011-04-01,37454.3,NA,NA,NA
CLV05_MEUR,SCA,Export,AT,2011-01-01,37047.9,NA,NA,NA
CLV05_MEUR,SCA,Export,AT,2010-10-01,36665.5,NA,NA,NA
CLV05_MEUR,SCA,Export,AT,2010-07-01,36141.1,NA,NA,NA
CLV05_MEUR,SCA,Export,AT,2010-04-01,34968.1,NA,NA,NA
CLV05_MEUR,SCA,Export,AT,2010-01-01,33244.4,NA,NA,NA
CLV05_MEUR,SCA,GValueAddGov,AT,2022-04-01,11492.8,O-Q,NA,NA
CLV05_MEUR,SCA,GValueAddGov,AT,2022-01-01,11420.3,O-Q,NA,NA
CLV05_MEUR,SCA,GValueAddGov,AT,2021-10-01,11603.2,O-Q,NA,NA
CLV05_MEUR,SCA,GValueAddGov,AT,2021-07-01,11490.1,O-Q,NA,NA
CLV05_MEUR,SCA,GValueAddGov,AT,2021-04-01,11302,O-Q,NA,NA
CLV05_MEUR,SCA,GValueAddGov,AT,2021-01-01,11072.4,O-Q,NA,NA
CLV05_MEUR,SCA,GValueAddGov,AT,2020-10-01,10923.4,O-Q,NA,NA
CLV05_MEUR,SCA,GValueAddGov,AT,2020-07-01,10736.9,O-Q,NA,NA
CLV05_MEUR,SCA,GValueAddGov,AT,2020-04-01,10645,O-Q,NA,NA
CLV05_MEUR,SCA,GValueAddGov,AT,2020-01-01,10928.4,O-Q,NA,NA
CLV05_MEUR,SCA,GValueAddGov,AT,2019-10-01,11176.4,O-Q,NA,NA
CLV05_MEUR,SCA,GValueAddGov,AT,2019-07-01,11230.2,O-Q,NA,NA
CLV05_MEUR,SCA,GValueAddGov,AT,2019-04-01,11286.7,O-Q,NA,NA
CLV05_MEUR,SCA,GValueAddGov,AT,2019-01-01,11306.8,O-Q,NA,NA
CLV05_MEUR,SCA,GValueAddGov,AT,2018-10-01,11275.8,O-Q,NA,NA
CLV05_MEUR,SCA,GValueAddGov,AT,2018-07-01,11142.3,O-Q,NA,NA
CLV05_MEUR,SCA,GValueAddGov,AT,2018-04-01,11095.9,O-Q,NA,NA
CLV05_MEUR,SCA,GValueAddGov,AT,2018-01-01,11050.6,O-Q,NA,NA
CLV05_MEUR,SCA,GValueAddGov,AT,2017-10-01,11105.2,O-Q,NA,NA
CLV05_MEUR,SCA,GValueAddGov,AT,2017-07-01,11049.5,O-Q,NA,NA
CLV05_MEUR,SCA,GValueAddGov,AT,2017-04-01,11015.8,O-Q,NA,NA
CLV05_MEUR,SCA,GValueAddGov,AT,2017-01-01,10988.2,O-Q,NA,NA
CLV05_MEUR,SCA,GValueAddGov,AT,2016-10-01,10987.6,O-Q,NA,NA
CLV05_MEUR,SCA,GValueAddGov,AT,2016-07-01,10919.6,O-Q,NA,NA
CLV05_MEUR,SCA,GValueAddGov,AT,2016-04-01,10854.2,O-Q,NA,NA
CLV05_MEUR,SCA,GValueAddGov,AT,2016-01-01,10814.8,O-Q,NA,NA
CLV05_MEUR,SCA,GValueAddGov,AT,2015-10-01,10800.8,O-Q,NA,NA
CLV05_MEUR,SCA,GValueAddGov,AT,2015-07-01,10724.5,O-Q,NA,NA
CLV05_MEUR,SCA,GValueAddGov,AT,2015-04-01,10678.6,O-Q,NA,NA
CLV05_MEUR,SCA,GValueAddGov,AT,2015-01-01,10679.1,O-Q,NA,NA
CLV05_MEUR,SCA,GValueAddGov,AT,2014-10-01,10720.7,O-Q,NA,NA
CLV05_MEUR,SCA,GValueAddGov,AT,2014-07-01,10672,O-Q,NA,NA
CLV05_MEUR,SCA,GValueAddGov,AT,2014-04-01,10619.2,O-Q,NA,NA
CLV05_MEUR,SCA,GValueAddGov,AT,2014-01-01,10579.9,O-Q,NA,NA
CLV05_MEUR,SCA,GValueAddGov,AT,2013-10-01,10574.9,O-Q,NA,NA
CLV05_MEUR,SCA,GValueAddGov,AT,2013-07-01,10567.3,O-Q,NA,NA
CLV05_MEUR,SCA,GValueAddGov,AT,2013-04-01,10593.4,O-Q,NA,NA
CLV05_MEUR,SCA,GValueAddGov,AT,2013-01-01,10716.5,O-Q,NA,NA
CLV05_MEUR,SCA,GValueAddGov,AT,2012-10-01,10516.9,O-Q,NA,NA
CLV05_MEUR,SCA,GValueAddGov,AT,2012-07-01,10593.9,O-Q,NA,NA
CLV05_MEUR,SCA,GValueAddGov,AT,2012-04-01,10638.4,O-Q,NA,NA
CLV05_MEUR,SCA,GValueAddGov,AT,2012-01-01,10643.1,O-Q,NA,NA
CLV05_MEUR,SCA,GValueAddGov,AT,2011-10-01,10596,O-Q,NA,NA
CLV05_MEUR,SCA,GValueAddGov,AT,2011-07-01,10510.6,O-Q,NA,NA
CLV05_MEUR,SCA,GValueAddGov,AT,2011-04-01,10526.1,O-Q,NA,NA
CLV05_MEUR,SCA,GValueAddGov,AT,2011-01-01,10572.3,O-Q,NA,NA
CLV05_MEUR,SCA,GValueAddGov,AT,2010-10-01,10543.9,O-Q,NA,NA
CLV05_MEUR,SCA,GValueAddGov,AT,2010-07-01,10514.6,O-Q,NA,NA
CLV05_MEUR,SCA,GValueAddGov,AT,2010-04-01,10488.5,O-Q,NA,NA
CLV05_MEUR,SCA,GValueAddGov,AT,2010-01-01,10362.9,O-Q,NA,NA
CLV05_MEUR,SCA,GValueAddManuf,AT,2022-04-01,16549.6,C,NA,NA
CLV05_MEUR,SCA,GValueAddManuf,AT,2022-01-01,16355.3,C,NA,NA
CLV05_MEUR,SCA,GValueAddManuf,AT,2021-10-01,16088.1,C,NA,NA
CLV05_MEUR,SCA,GValueAddManuf,AT,2021-07-01,16044.3,C,NA,NA
CLV05_MEUR,SCA,GValueAddManuf,AT,2021-04-01,15753.7,C,NA,NA
CLV05_MEUR,SCA,GValueAddManuf,AT,2021-01-01,15590.6,C,NA,NA
CLV05_MEUR,SCA,GValueAddManuf,AT,2020-10-01,15236.2,C,NA,NA
CLV05_MEUR,SCA,GValueAddManuf,AT,2020-07-01,15001.6,C,NA,NA
CLV05_MEUR,SCA,GValueAddManuf,AT,2020-04-01,12903.2,C,NA,NA
CLV05_MEUR,SCA,GValueAddManuf,AT,2020-01-01,14970.9,C,NA,NA
CLV05_MEUR,SCA,GValueAddManuf,AT,2019-10-01,15244,C,NA,NA
CLV05_MEUR,SCA,GValueAddManuf,AT,2019-07-01,15452.3,C,NA,NA
CLV05_MEUR,SCA,GValueAddManuf,AT,2019-04-01,15423.3,C,NA,NA
CLV05_MEUR,SCA,GValueAddManuf,AT,2019-01-01,15569.7,C,NA,NA
CLV05_MEUR,SCA,GValueAddManuf,AT,2018-10-01,15568.5,C,NA,NA
CLV05_MEUR,SCA,GValueAddManuf,AT,2018-07-01,15324.5,C,NA,NA
CLV05_MEUR,SCA,GValueAddManuf,AT,2018-04-01,15161.6,C,NA,NA
CLV05_MEUR,SCA,GValueAddManuf,AT,2018-01-01,15058.7,C,NA,NA
CLV05_MEUR,SCA,GValueAddManuf,AT,2017-10-01,14918,C,NA,NA
CLV05_MEUR,SCA,GValueAddManuf,AT,2017-07-01,14732.9,C,NA,NA
CLV05_MEUR,SCA,GValueAddManuf,AT,2017-04-01,14486.3,C,NA,NA
CLV05_MEUR,SCA,GValueAddManuf,AT,2017-01-01,14410.2,C,NA,NA
CLV05_MEUR,SCA,GValueAddManuf,AT,2016-10-01,14330.2,C,NA,NA
CLV05_MEUR,SCA,GValueAddManuf,AT,2016-07-01,14114.3,C,NA,NA
CLV05_MEUR,SCA,GValueAddManuf,AT,2016-04-01,14076.3,C,NA,NA
CLV05_MEUR,SCA,GValueAddManuf,AT,2016-01-01,14022.3,C,NA,NA
CLV05_MEUR,SCA,GValueAddManuf,AT,2015-10-01,13731.5,C,NA,NA
CLV05_MEUR,SCA,GValueAddManuf,AT,2015-07-01,13636.1,C,NA,NA
CLV05_MEUR,SCA,GValueAddManuf,AT,2015-04-01,13503.3,C,NA,NA
CLV05_MEUR,SCA,GValueAddManuf,AT,2015-01-01,13406,C,NA,NA
CLV05_MEUR,SCA,GValueAddManuf,AT,2014-10-01,13400.9,C,NA,NA
CLV05_MEUR,SCA,GValueAddManuf,AT,2014-07-01,13544.5,C,NA,NA
CLV05_MEUR,SCA,GValueAddManuf,AT,2014-04-01,13578.3,C,NA,NA
CLV05_MEUR,SCA,GValueAddManuf,AT,2014-01-01,13368.2,C,NA,NA
CLV05_MEUR,SCA,GValueAddManuf,AT,2013-10-01,13317.5,C,NA,NA
CLV05_MEUR,SCA,GValueAddManuf,AT,2013-07-01,13191.8,C,NA,NA
CLV05_MEUR,SCA,GValueAddManuf,AT,2013-04-01,13095.2,C,NA,NA
CLV05_MEUR,SCA,GValueAddManuf,AT,2013-01-01,12986.7,C,NA,NA
CLV05_MEUR,SCA,GValueAddManuf,AT,2012-10-01,13132.9,C,NA,NA
CLV05_MEUR,SCA,GValueAddManuf,AT,2012-07-01,13233.2,C,NA,NA
CLV05_MEUR,SCA,GValueAddManuf,AT,2012-04-01,13105.4,C,NA,NA
CLV05_MEUR,SCA,GValueAddManuf,AT,2012-01-01,13069.9,C,NA,NA
CLV05_MEUR,SCA,GValueAddManuf,AT,2011-10-01,12945.5,C,NA,NA
CLV05_MEUR,SCA,GValueAddManuf,AT,2011-07-01,12945.6,C,NA,NA
CLV05_MEUR,SCA,GValueAddManuf,AT,2011-04-01,12743.4,C,NA,NA
CLV05_MEUR,SCA,GValueAddManuf,AT,2011-01-01,12672,C,NA,NA
CLV05_MEUR,SCA,GValueAddManuf,AT,2010-10-01,12425.8,C,NA,NA
CLV05_MEUR,SCA,GValueAddManuf,AT,2010-07-01,12069.1,C,NA,NA
CLV05_MEUR,SCA,GValueAddManuf,AT,2010-04-01,11913,C,NA,NA
CLV05_MEUR,SCA,GValueAddManuf,AT,2010-01-01,11357.1,C,NA,NA
CLV05_MEUR,SCA,GValueAddConstr,AT,2022-04-01,3430,F,NA,NA
CLV05_MEUR,SCA,GValueAddConstr,AT,2022-01-01,3415.5,F,NA,NA
CLV05_MEUR,SCA,GValueAddConstr,AT,2021-10-01,3344.8,F,NA,NA
CLV05_MEUR,SCA,GValueAddConstr,AT,2021-07-01,3359.4,F,NA,NA
CLV05_MEUR,SCA,GValueAddConstr,AT,2021-04-01,3353,F,NA,NA
CLV05_MEUR,SCA,GValueAddConstr,AT,2021-01-01,3335,F,NA,NA
CLV05_MEUR,SCA,GValueAddConstr,AT,2020-10-01,3343.3,F,NA,NA
CLV05_MEUR,SCA,GValueAddConstr,AT,2020-07-01,3317.5,F,NA,NA
CLV05_MEUR,SCA,GValueAddConstr,AT,2020-04-01,3087.1,F,NA,NA
CLV05_MEUR,SCA,GValueAddConstr,AT,2020-01-01,3282.2,F,NA,NA
CLV05_MEUR,SCA,GValueAddConstr,AT,2019-10-01,3334.2,F,NA,NA
CLV05_MEUR,SCA,GValueAddConstr,AT,2019-07-01,3310.5,F,NA,NA
CLV05_MEUR,SCA,GValueAddConstr,AT,2019-04-01,3297.7,F,NA,NA
CLV05_MEUR,SCA,GValueAddConstr,AT,2019-01-01,3333.6,F,NA,NA
CLV05_MEUR,SCA,GValueAddConstr,AT,2018-10-01,3348.1,F,NA,NA
CLV05_MEUR,SCA,GValueAddConstr,AT,2018-07-01,3353,F,NA,NA
CLV05_MEUR,SCA,GValueAddConstr,AT,2018-04-01,3356.3,F,NA,NA
CLV05_MEUR,SCA,GValueAddConstr,AT,2018-01-01,3338.5,F,NA,NA
CLV05_MEUR,SCA,GValueAddConstr,AT,2017-10-01,3335.2,F,NA,NA
CLV05_MEUR,SCA,GValueAddConstr,AT,2017-07-01,3311.9,F,NA,NA
CLV05_MEUR,SCA,GValueAddConstr,AT,2017-04-01,3310.9,F,NA,NA
CLV05_MEUR,SCA,GValueAddConstr,AT,2017-01-01,3292.6,F,NA,NA
CLV05_MEUR,SCA,GValueAddConstr,AT,2016-10-01,3234.9,F,NA,NA
CLV05_MEUR,SCA,GValueAddConstr,AT,2016-07-01,3226.3,F,NA,NA
CLV05_MEUR,SCA,GValueAddConstr,AT,2016-04-01,3215.9,F,NA,NA
CLV05_MEUR,SCA,GValueAddConstr,AT,2016-01-01,3232.8,F,NA,NA
CLV05_MEUR,SCA,GValueAddConstr,AT,2015-10-01,3202.2,F,NA,NA
CLV05_MEUR,SCA,GValueAddConstr,AT,2015-07-01,3222.2,F,NA,NA
CLV05_MEUR,SCA,GValueAddConstr,AT,2015-04-01,3231.7,F,NA,NA
CLV05_MEUR,SCA,GValueAddConstr,AT,2015-01-01,3269.4,F,NA,NA
CLV05_MEUR,SCA,GValueAddConstr,AT,2014-10-01,3262.6,F,NA,NA
CLV05_MEUR,SCA,GValueAddConstr,AT,2014-07-01,3299.1,F,NA,NA
CLV05_MEUR,SCA,GValueAddConstr,AT,2014-04-01,3324.3,F,NA,NA
CLV05_MEUR,SCA,GValueAddConstr,AT,2014-01-01,3363.5,F,NA,NA
CLV05_MEUR,SCA,GValueAddConstr,AT,2013-10-01,3405.4,F,NA,NA
CLV05_MEUR,SCA,GValueAddConstr,AT,2013-07-01,3404,F,NA,NA
CLV05_MEUR,SCA,GValueAddConstr,AT,2013-04-01,3365.7,F,NA,NA
CLV05_MEUR,SCA,GValueAddConstr,AT,2013-01-01,3340.5,F,NA,NA
CLV05_MEUR,SCA,GValueAddConstr,AT,2012-10-01,3403.7,F,NA,NA
CLV05_MEUR,SCA,GValueAddConstr,AT,2012-07-01,3432,F,NA,NA
CLV05_MEUR,SCA,GValueAddConstr,AT,2012-04-01,3419.7,F,NA,NA
CLV05_MEUR,SCA,GValueAddConstr,AT,2012-01-01,3417.8,F,NA,NA
CLV05_MEUR,SCA,GValueAddConstr,AT,2011-10-01,3435.7,F,NA,NA
CLV05_MEUR,SCA,GValueAddConstr,AT,2011-07-01,3414.2,F,NA,NA
CLV05_MEUR,SCA,GValueAddConstr,AT,2011-04-01,3460.3,F,NA,NA
CLV05_MEUR,SCA,GValueAddConstr,AT,2011-01-01,3436.4,F,NA,NA
CLV05_MEUR,SCA,GValueAddConstr,AT,2010-10-01,3429.8,F,NA,NA
CLV05_MEUR,SCA,GValueAddConstr,AT,2010-07-01,3466.3,F,NA,NA
CLV05_MEUR,SCA,GValueAddConstr,AT,2010-04-01,3491.1,F,NA,NA
CLV05_MEUR,SCA,GValueAddConstr,AT,2010-01-01,3483.1,F,NA,NA
CLV05_MEUR,SCA,GValueAddWholesaletrade,AT,2022-04-01,14767.4,G-I,NA,NA
CLV05_MEUR,SCA,GValueAddWholesaletrade,AT,2022-01-01,13947.9,G-I,NA,NA
CLV05_MEUR,SCA,GValueAddWholesaletrade,AT,2021-10-01,13678.2,G-I,NA,NA
CLV05_MEUR,SCA,GValueAddWholesaletrade,AT,2021-07-01,14618.9,G-I,NA,NA
CLV05_MEUR,SCA,GValueAddWholesaletrade,AT,2021-04-01,12863.5,G-I,NA,NA
CLV05_MEUR,SCA,GValueAddWholesaletrade,AT,2021-01-01,10883.9,G-I,NA,NA
CLV05_MEUR,SCA,GValueAddWholesaletrade,AT,2020-10-01,12078.9,G-I,NA,NA
CLV05_MEUR,SCA,GValueAddWholesaletrade,AT,2020-07-01,14043.6,G-I,NA,NA
CLV05_MEUR,SCA,GValueAddWholesaletrade,AT,2020-04-01,11197.6,G-I,NA,NA
CLV05_MEUR,SCA,GValueAddWholesaletrade,AT,2020-01-01,14033,G-I,NA,NA
CLV05_MEUR,SCA,GValueAddWholesaletrade,AT,2019-10-01,15030.3,G-I,NA,NA
CLV05_MEUR,SCA,GValueAddWholesaletrade,AT,2019-07-01,15098.6,G-I,NA,NA
CLV05_MEUR,SCA,GValueAddWholesaletrade,AT,2019-04-01,15023.5,G-I,NA,NA
CLV05_MEUR,SCA,GValueAddWholesaletrade,AT,2019-01-01,15139.1,G-I,NA,NA
CLV05_MEUR,SCA,GValueAddWholesaletrade,AT,2018-10-01,15097.6,G-I,NA,NA
CLV05_MEUR,SCA,GValueAddWholesaletrade,AT,2018-07-01,14817.1,G-I,NA,NA
CLV05_MEUR,SCA,GValueAddWholesaletrade,AT,2018-04-01,14816.9,G-I,NA,NA
CLV05_MEUR,SCA,GValueAddWholesaletrade,AT,2018-01-01,14790.3,G-I,NA,NA
CLV05_MEUR,SCA,GValueAddWholesaletrade,AT,2017-10-01,14607.6,G-I,NA,NA
CLV05_MEUR,SCA,GValueAddWholesaletrade,AT,2017-07-01,14478.7,G-I,NA,NA
CLV05_MEUR,SCA,GValueAddWholesaletrade,AT,2017-04-01,14476.8,G-I,NA,NA
CLV05_MEUR,SCA,GValueAddWholesaletrade,AT,2017-01-01,14363.9,G-I,NA,NA
CLV05_MEUR,SCA,GValueAddWholesaletrade,AT,2016-10-01,14421.6,G-I,NA,NA
CLV05_MEUR,SCA,GValueAddWholesaletrade,AT,2016-07-01,14321.2,G-I,NA,NA
CLV05_MEUR,SCA,GValueAddWholesaletrade,AT,2016-04-01,14256.2,G-I,NA,NA
CLV05_MEUR,SCA,GValueAddWholesaletrade,AT,2016-01-01,14244.7,G-I,NA,NA
CLV05_MEUR,SCA,GValueAddWholesaletrade,AT,2015-10-01,14147.9,G-I,NA,NA
CLV05_MEUR,SCA,GValueAddWholesaletrade,AT,2015-07-01,14225.8,G-I,NA,NA
CLV05_MEUR,SCA,GValueAddWholesaletrade,AT,2015-04-01,14129.6,G-I,NA,NA
CLV05_MEUR,SCA,GValueAddWholesaletrade,AT,2015-01-01,14167.1,G-I,NA,NA
CLV05_MEUR,SCA,GValueAddWholesaletrade,AT,2014-10-01,14072.5,G-I,NA,NA
CLV05_MEUR,SCA,GValueAddWholesaletrade,AT,2014-07-01,13987.9,G-I,NA,NA
CLV05_MEUR,SCA,GValueAddWholesaletrade,AT,2014-04-01,14025.5,G-I,NA,NA
CLV05_MEUR,SCA,GValueAddWholesaletrade,AT,2014-01-01,13930.7,G-I,NA,NA
CLV05_MEUR,SCA,GValueAddWholesaletrade,AT,2013-10-01,13870.9,G-I,NA,NA
CLV05_MEUR,SCA,GValueAddWholesaletrade,AT,2013-07-01,13805.5,G-I,NA,NA
CLV05_MEUR,SCA,GValueAddWholesaletrade,AT,2013-04-01,13698.2,G-I,NA,NA
CLV05_MEUR,SCA,GValueAddWholesaletrade,AT,2013-01-01,13656.4,G-I,NA,NA
CLV05_MEUR,SCA,GValueAddWholesaletrade,AT,2012-10-01,13815.2,G-I,NA,NA
CLV05_MEUR,SCA,GValueAddWholesaletrade,AT,2012-07-01,13824.8,G-I,NA,NA
CLV05_MEUR,SCA,GValueAddWholesaletrade,AT,2012-04-01,13974.6,G-I,NA,NA
CLV05_MEUR,SCA,GValueAddWholesaletrade,AT,2012-01-01,14205,G-I,NA,NA
CLV05_MEUR,SCA,GValueAddWholesaletrade,AT,2011-10-01,14065.2,G-I,NA,NA
CLV05_MEUR,SCA,GValueAddWholesaletrade,AT,2011-07-01,14120.4,G-I,NA,NA
CLV05_MEUR,SCA,GValueAddWholesaletrade,AT,2011-04-01,14104.2,G-I,NA,NA
CLV05_MEUR,SCA,GValueAddWholesaletrade,AT,2011-01-01,13918.8,G-I,NA,NA
CLV05_MEUR,SCA,GValueAddWholesaletrade,AT,2010-10-01,13928.8,G-I,NA,NA
CLV05_MEUR,SCA,GValueAddWholesaletrade,AT,2010-07-01,13793.2,G-I,NA,NA
CLV05_MEUR,SCA,GValueAddWholesaletrade,AT,2010-04-01,13521.4,G-I,NA,NA
CLV05_MEUR,SCA,GValueAddWholesaletrade,AT,2010-01-01,13426.2,G-I,NA,NA
CLV05_MEUR,SCA,GValueAdd,AT,2022-04-01,71177.6,TOTAL,NA,NA
CLV05_MEUR,SCA,GValueAdd,AT,2022-01-01,69850,TOTAL,NA,NA
CLV05_MEUR,SCA,GValueAdd,AT,2021-10-01,68966.5,TOTAL,NA,NA
CLV05_MEUR,SCA,GValueAdd,AT,2021-07-01,69864,TOTAL,NA,NA
CLV05_MEUR,SCA,GValueAdd,AT,2021-04-01,67132.5,TOTAL,NA,NA
CLV05_MEUR,SCA,GValueAdd,AT,2021-01-01,64330.6,TOTAL,NA,NA
CLV05_MEUR,SCA,GValueAdd,AT,2020-10-01,65126.4,TOTAL,NA,NA
CLV05_MEUR,SCA,GValueAdd,AT,2020-07-01,66621,TOTAL,NA,NA
CLV05_MEUR,SCA,GValueAdd,AT,2020-04-01,60090.8,TOTAL,NA,NA
CLV05_MEUR,SCA,GValueAdd,AT,2020-01-01,67631.4,TOTAL,NA,NA
CLV05_MEUR,SCA,GValueAdd,AT,2019-10-01,69166.8,TOTAL,NA,NA
CLV05_MEUR,SCA,GValueAdd,AT,2019-07-01,69590.1,TOTAL,NA,NA
CLV05_MEUR,SCA,GValueAdd,AT,2019-04-01,69393,TOTAL,NA,NA
CLV05_MEUR,SCA,GValueAdd,AT,2019-01-01,69575.4,TOTAL,NA,NA
CLV05_MEUR,SCA,GValueAdd,AT,2018-10-01,69402.7,TOTAL,NA,NA
CLV05_MEUR,SCA,GValueAdd,AT,2018-07-01,68375.5,TOTAL,NA,NA
CLV05_MEUR,SCA,GValueAdd,AT,2018-04-01,68084.5,TOTAL,NA,NA
CLV05_MEUR,SCA,GValueAdd,AT,2018-01-01,67884.3,TOTAL,NA,NA
CLV05_MEUR,SCA,GValueAdd,AT,2017-10-01,67351,TOTAL,NA,NA
CLV05_MEUR,SCA,GValueAdd,AT,2017-07-01,66906.5,TOTAL,NA,NA
CLV05_MEUR,SCA,GValueAdd,AT,2017-04-01,66486.2,TOTAL,NA,NA
CLV05_MEUR,SCA,GValueAdd,AT,2017-01-01,66055.9,TOTAL,NA,NA
CLV05_MEUR,SCA,GValueAdd,AT,2016-10-01,65847,TOTAL,NA,NA
CLV05_MEUR,SCA,GValueAdd,AT,2016-07-01,65223.6,TOTAL,NA,NA
CLV05_MEUR,SCA,GValueAdd,AT,2016-04-01,64916.1,TOTAL,NA,NA
CLV05_MEUR,SCA,GValueAdd,AT,2016-01-01,64584.3,TOTAL,NA,NA
CLV05_MEUR,SCA,GValueAdd,AT,2015-10-01,64171.9,TOTAL,NA,NA
CLV05_MEUR,SCA,GValueAdd,AT,2015-07-01,64112,TOTAL,NA,NA
CLV05_MEUR,SCA,GValueAdd,AT,2015-04-01,63646.9,TOTAL,NA,NA
CLV05_MEUR,SCA,GValueAdd,AT,2015-01-01,63614.6,TOTAL,NA,NA
CLV05_MEUR,SCA,GValueAdd,AT,2014-10-01,63494.6,TOTAL,NA,NA
CLV05_MEUR,SCA,GValueAdd,AT,2014-07-01,63485.1,TOTAL,NA,NA
CLV05_MEUR,SCA,GValueAdd,AT,2014-04-01,63398.7,TOTAL,NA,NA
CLV05_MEUR,SCA,GValueAdd,AT,2014-01-01,63171.2,TOTAL,NA,NA
CLV05_MEUR,SCA,GValueAdd,AT,2013-10-01,63245.5,TOTAL,NA,NA
CLV05_MEUR,SCA,GValueAdd,AT,2013-07-01,62917.1,TOTAL,NA,NA
CLV05_MEUR,SCA,GValueAdd,AT,2013-04-01,62687.1,TOTAL,NA,NA
CLV05_MEUR,SCA,GValueAdd,AT,2013-01-01,62606.3,TOTAL,NA,NA
CLV05_MEUR,SCA,GValueAdd,AT,2012-10-01,62557.1,TOTAL,NA,NA
CLV05_MEUR,SCA,GValueAdd,AT,2012-07-01,62746.2,TOTAL,NA,NA
CLV05_MEUR,SCA,GValueAdd,AT,2012-04-01,62747.2,TOTAL,NA,NA
CLV05_MEUR,SCA,GValueAdd,AT,2012-01-01,63168,TOTAL,NA,NA
CLV05_MEUR,SCA,GValueAdd,AT,2011-10-01,62748.1,TOTAL,NA,NA
CLV05_MEUR,SCA,GValueAdd,AT,2011-07-01,62602.5,TOTAL,NA,NA
CLV05_MEUR,SCA,GValueAdd,AT,2011-04-01,62466.4,TOTAL,NA,NA
CLV05_MEUR,SCA,GValueAdd,AT,2011-01-01,61928.1,TOTAL,NA,NA
CLV05_MEUR,SCA,GValueAdd,AT,2010-10-01,61503.4,TOTAL,NA,NA
CLV05_MEUR,SCA,GValueAdd,AT,2010-07-01,60762,TOTAL,NA,NA
CLV05_MEUR,SCA,GValueAdd,AT,2010-04-01,60080.3,TOTAL,NA,NA
CLV05_MEUR,SCA,GValueAdd,AT,2010-01-01,59219,TOTAL,NA,NA
CLV05_MEUR,SCA,GValueAddAgri,AT,2022-04-01,953.6,A,NA,NA
CLV05_MEUR,SCA,GValueAddAgri,AT,2022-01-01,937.8,A,NA,NA
CLV05_MEUR,SCA,GValueAddAgri,AT,2021-10-01,951.1,A,NA,NA
CLV05_MEUR,SCA,GValueAddAgri,AT,2021-07-01,979.9,A,NA,NA
CLV05_MEUR,SCA,GValueAddAgri,AT,2021-04-01,992.2,A,NA,NA
CLV05_MEUR,SCA,GValueAddAgri,AT,2021-01-01,958.8,A,NA,NA
CLV05_MEUR,SCA,GValueAddAgri,AT,2020-10-01,936.3,A,NA,NA
CLV05_MEUR,SCA,GValueAddAgri,AT,2020-07-01,918.4,A,NA,NA
CLV05_MEUR,SCA,GValueAddAgri,AT,2020-04-01,925.9,A,NA,NA
CLV05_MEUR,SCA,GValueAddAgri,AT,2020-01-01,978.2,A,NA,NA
CLV05_MEUR,SCA,GValueAddAgri,AT,2019-10-01,963.7,A,NA,NA
CLV05_MEUR,SCA,GValueAddAgri,AT,2019-07-01,964,A,NA,NA
CLV05_MEUR,SCA,GValueAddAgri,AT,2019-04-01,944.9,A,NA,NA
CLV05_MEUR,SCA,GValueAddAgri,AT,2019-01-01,941.9,A,NA,NA
CLV05_MEUR,SCA,GValueAddAgri,AT,2018-10-01,985.3,A,NA,NA
CLV05_MEUR,SCA,GValueAddAgri,AT,2018-07-01,970.9,A,NA,NA
CLV05_MEUR,SCA,GValueAddAgri,AT,2018-04-01,984.4,A,NA,NA
CLV05_MEUR,SCA,GValueAddAgri,AT,2018-01-01,976.4,A,NA,NA
CLV05_MEUR,SCA,GValueAddAgri,AT,2017-10-01,1006.9,A,NA,NA
CLV05_MEUR,SCA,GValueAddAgri,AT,2017-07-01,963.1,A,NA,NA
CLV05_MEUR,SCA,GValueAddAgri,AT,2017-04-01,941,A,NA,NA
CLV05_MEUR,SCA,GValueAddAgri,AT,2017-01-01,936.6,A,NA,NA
CLV05_MEUR,SCA,GValueAddAgri,AT,2016-10-01,882.4,A,NA,NA
CLV05_MEUR,SCA,GValueAddAgri,AT,2016-07-01,919.1,A,NA,NA
CLV05_MEUR,SCA,GValueAddAgri,AT,2016-04-01,911.6,A,NA,NA
CLV05_MEUR,SCA,GValueAddAgri,AT,2016-01-01,917.1,A,NA,NA
CLV05_MEUR,SCA,GValueAddAgri,AT,2015-10-01,905.8,A,NA,NA
CLV05_MEUR,SCA,GValueAddAgri,AT,2015-07-01,886.1,A,NA,NA
CLV05_MEUR,SCA,GValueAddAgri,AT,2015-04-01,886.3,A,NA,NA
CLV05_MEUR,SCA,GValueAddAgri,AT,2015-01-01,872.2,A,NA,NA
CLV05_MEUR,SCA,GValueAddAgri,AT,2014-10-01,857.5,A,NA,NA
CLV05_MEUR,SCA,GValueAddAgri,AT,2014-07-01,874.6,A,NA,NA
CLV05_MEUR,SCA,GValueAddAgri,AT,2014-04-01,869,A,NA,NA
CLV05_MEUR,SCA,GValueAddAgri,AT,2014-01-01,885.5,A,NA,NA
CLV05_MEUR,SCA,GValueAddAgri,AT,2013-10-01,878.9,A,NA,NA
CLV05_MEUR,SCA,GValueAddAgri,AT,2013-07-01,845.9,A,NA,NA
CLV05_MEUR,SCA,GValueAddAgri,AT,2013-04-01,815.9,A,NA,NA
CLV05_MEUR,SCA,GValueAddAgri,AT,2013-01-01,828.7,A,NA,NA
CLV05_MEUR,SCA,GValueAddAgri,AT,2012-10-01,855.1,A,NA,NA
CLV05_MEUR,SCA,GValueAddAgri,AT,2012-07-01,851.5,A,NA,NA
CLV05_MEUR,SCA,GValueAddAgri,AT,2012-04-01,874.3,A,NA,NA
CLV05_MEUR,SCA,GValueAddAgri,AT,2012-01-01,883.8,A,NA,NA
CLV05_MEUR,SCA,GValueAddAgri,AT,2011-10-01,956.3,A,NA,NA
CLV05_MEUR,SCA,GValueAddAgri,AT,2011-07-01,943.9,A,NA,NA
CLV05_MEUR,SCA,GValueAddAgri,AT,2011-04-01,932.1,A,NA,NA
CLV05_MEUR,SCA,GValueAddAgri,AT,2011-01-01,918,A,NA,NA
CLV05_MEUR,SCA,GValueAddAgri,AT,2010-10-01,843.6,A,NA,NA
CLV05_MEUR,SCA,GValueAddAgri,AT,2010-07-01,805.6,A,NA,NA
CLV05_MEUR,SCA,GValueAddAgri,AT,2010-04-01,770.4,A,NA,NA
CLV05_MEUR,SCA,GValueAddAgri,AT,2010-01-01,855.7,A,NA,NA
CLV05_MEUR,SCA,GValueAddIndus,AT,2022-04-01,18575.5,B-E,NA,NA
CLV05_MEUR,SCA,GValueAddIndus,AT,2022-01-01,18335,B-E,NA,NA
CLV05_MEUR,SCA,GValueAddIndus,AT,2021-10-01,18134.3,B-E,NA,NA
CLV05_MEUR,SCA,GValueAddIndus,AT,2021-07-01,17898.2,B-E,NA,NA
CLV05_MEUR,SCA,GValueAddIndus,AT,2021-04-01,17571.8,B-E,NA,NA
CLV05_MEUR,SCA,GValueAddIndus,AT,2021-01-01,17391.2,B-E,NA,NA
CLV05_MEUR,SCA,GValueAddIndus,AT,2020-10-01,17089.7,B-E,NA,NA
CLV05_MEUR,SCA,GValueAddIndus,AT,2020-07-01,16967.7,B-E,NA,NA
CLV05_MEUR,SCA,GValueAddIndus,AT,2020-04-01,14822.9,B-E,NA,NA
CLV05_MEUR,SCA,GValueAddIndus,AT,2020-01-01,17040.7,B-E,NA,NA
CLV05_MEUR,SCA,GValueAddIndus,AT,2019-10-01,17131,B-E,NA,NA
CLV05_MEUR,SCA,GValueAddIndus,AT,2019-07-01,17389.8,B-E,NA,NA
CLV05_MEUR,SCA,GValueAddIndus,AT,2019-04-01,17365,B-E,NA,NA
CLV05_MEUR,SCA,GValueAddIndus,AT,2019-01-01,17483.4,B-E,NA,NA
CLV05_MEUR,SCA,GValueAddIndus,AT,2018-10-01,17486.4,B-E,NA,NA
CLV05_MEUR,SCA,GValueAddIndus,AT,2018-07-01,17207.6,B-E,NA,NA
CLV05_MEUR,SCA,GValueAddIndus,AT,2018-04-01,17016.3,B-E,NA,NA
CLV05_MEUR,SCA,GValueAddIndus,AT,2018-01-01,16923.5,B-E,NA,NA
CLV05_MEUR,SCA,GValueAddIndus,AT,2017-10-01,16797,B-E,NA,NA
CLV05_MEUR,SCA,GValueAddIndus,AT,2017-07-01,16624,B-E,NA,NA
CLV05_MEUR,SCA,GValueAddIndus,AT,2017-04-01,16431.7,B-E,NA,NA
CLV05_MEUR,SCA,GValueAddIndus,AT,2017-01-01,16379.7,B-E,NA,NA
CLV05_MEUR,SCA,GValueAddIndus,AT,2016-10-01,16255,B-E,NA,NA
CLV05_MEUR,SCA,GValueAddIndus,AT,2016-07-01,15983.2,B-E,NA,NA
CLV05_MEUR,SCA,GValueAddIndus,AT,2016-04-01,15849.8,B-E,NA,NA
CLV05_MEUR,SCA,GValueAddIndus,AT,2016-01-01,15685.3,B-E,NA,NA
CLV05_MEUR,SCA,GValueAddIndus,AT,2015-10-01,15442.8,B-E,NA,NA
CLV05_MEUR,SCA,GValueAddIndus,AT,2015-07-01,15435,B-E,NA,NA
CLV05_MEUR,SCA,GValueAddIndus,AT,2015-04-01,15322,B-E,NA,NA
CLV05_MEUR,SCA,GValueAddIndus,AT,2015-01-01,15184.3,B-E,NA,NA
CLV05_MEUR,SCA,GValueAddIndus,AT,2014-10-01,15195.2,B-E,NA,NA
CLV05_MEUR,SCA,GValueAddIndus,AT,2014-07-01,15300.4,B-E,NA,NA
CLV05_MEUR,SCA,GValueAddIndus,AT,2014-04-01,15366,B-E,NA,NA
CLV05_MEUR,SCA,GValueAddIndus,AT,2014-01-01,15253,B-E,NA,NA
CLV05_MEUR,SCA,GValueAddIndus,AT,2013-10-01,15291.9,B-E,NA,NA
CLV05_MEUR,SCA,GValueAddIndus,AT,2013-07-01,15168.4,B-E,NA,NA
CLV05_MEUR,SCA,GValueAddIndus,AT,2013-04-01,15087.4,B-E,NA,NA
CLV05_MEUR,SCA,GValueAddIndus,AT,2013-01-01,14958.1,B-E,NA,NA
CLV05_MEUR,SCA,GValueAddIndus,AT,2012-10-01,15019.7,B-E,NA,NA
CLV05_MEUR,SCA,GValueAddIndus,AT,2012-07-01,15065.4,B-E,NA,NA
CLV05_MEUR,SCA,GValueAddIndus,AT,2012-04-01,14872.5,B-E,NA,NA
CLV05_MEUR,SCA,GValueAddIndus,AT,2012-01-01,14879.1,B-E,NA,NA
CLV05_MEUR,SCA,GValueAddIndus,AT,2011-10-01,14729.3,B-E,NA,NA
CLV05_MEUR,SCA,GValueAddIndus,AT,2011-07-01,14729.8,B-E,NA,NA
CLV05_MEUR,SCA,GValueAddIndus,AT,2011-04-01,14571.3,B-E,NA,NA
CLV05_MEUR,SCA,GValueAddIndus,AT,2011-01-01,14489,B-E,NA,NA
CLV05_MEUR,SCA,GValueAddIndus,AT,2010-10-01,14244.7,B-E,NA,NA
CLV05_MEUR,SCA,GValueAddIndus,AT,2010-07-01,13912.3,B-E,NA,NA
CLV05_MEUR,SCA,GValueAddIndus,AT,2010-04-01,13796.4,B-E,NA,NA
CLV05_MEUR,SCA,GValueAddIndus,AT,2010-01-01,13303,B-E,NA,NA
CLV05_MEUR,SCA,GValueAddInfocom,AT,2022-04-01,3034.5,J,NA,NA
CLV05_MEUR,SCA,GValueAddInfocom,AT,2022-01-01,3003.2,J,NA,NA
CLV05_MEUR,SCA,GValueAddInfocom,AT,2021-10-01,2963.1,J,NA,NA
CLV05_MEUR,SCA,GValueAddInfocom,AT,2021-07-01,2936.3,J,NA,NA
CLV05_MEUR,SCA,GValueAddInfocom,AT,2021-04-01,2897.5,J,NA,NA
CLV05_MEUR,SCA,GValueAddInfocom,AT,2021-01-01,2864.7,J,NA,NA
CLV05_MEUR,SCA,GValueAddInfocom,AT,2020-10-01,2832.6,J,NA,NA
CLV05_MEUR,SCA,GValueAddInfocom,AT,2020-07-01,2753.4,J,NA,NA
CLV05_MEUR,SCA,GValueAddInfocom,AT,2020-04-01,2735.9,J,NA,NA
CLV05_MEUR,SCA,GValueAddInfocom,AT,2020-01-01,2934.9,J,NA,NA
CLV05_MEUR,SCA,GValueAddInfocom,AT,2019-10-01,2902.1,J,NA,NA
CLV05_MEUR,SCA,GValueAddInfocom,AT,2019-07-01,2926.5,J,NA,NA
CLV05_MEUR,SCA,GValueAddInfocom,AT,2019-04-01,2857.7,J,NA,NA
CLV05_MEUR,SCA,GValueAddInfocom,AT,2019-01-01,2801.6,J,NA,NA
CLV05_MEUR,SCA,GValueAddInfocom,AT,2018-10-01,2796.9,J,NA,NA
CLV05_MEUR,SCA,GValueAddInfocom,AT,2018-07-01,2702.9,J,NA,NA
CLV05_MEUR,SCA,GValueAddInfocom,AT,2018-04-01,2685.3,J,NA,NA
CLV05_MEUR,SCA,GValueAddInfocom,AT,2018-01-01,2649.6,J,NA,NA
CLV05_MEUR,SCA,GValueAddInfocom,AT,2017-10-01,2575.6,J,NA,NA
CLV05_MEUR,SCA,GValueAddInfocom,AT,2017-07-01,2516.2,J,NA,NA
CLV05_MEUR,SCA,GValueAddInfocom,AT,2017-04-01,2469.5,J,NA,NA
CLV05_MEUR,SCA,GValueAddInfocom,AT,2017-01-01,2472.2,J,NA,NA
CLV05_MEUR,SCA,GValueAddInfocom,AT,2016-10-01,2456.4,J,NA,NA
CLV05_MEUR,SCA,GValueAddInfocom,AT,2016-07-01,2499.3,J,NA,NA
CLV05_MEUR,SCA,GValueAddInfocom,AT,2016-04-01,2484.3,J,NA,NA
CLV05_MEUR,SCA,GValueAddInfocom,AT,2016-01-01,2420.1,J,NA,NA
CLV05_MEUR,SCA,GValueAddInfocom,AT,2015-10-01,2383.3,J,NA,NA
CLV05_MEUR,SCA,GValueAddInfocom,AT,2015-07-01,2333.5,J,NA,NA
CLV05_MEUR,SCA,GValueAddInfocom,AT,2015-04-01,2324.6,J,NA,NA
CLV05_MEUR,SCA,GValueAddInfocom,AT,2015-01-01,2301.6,J,NA,NA
CLV05_MEUR,SCA,GValueAddInfocom,AT,2014-10-01,2311.7,J,NA,NA
CLV05_MEUR,SCA,GValueAddInfocom,AT,2014-07-01,2307.9,J,NA,NA
CLV05_MEUR,SCA,GValueAddInfocom,AT,2014-04-01,2286.4,J,NA,NA
CLV05_MEUR,SCA,GValueAddInfocom,AT,2014-01-01,2297,J,NA,NA
CLV05_MEUR,SCA,GValueAddInfocom,AT,2013-10-01,2272.6,J,NA,NA
CLV05_MEUR,SCA,GValueAddInfocom,AT,2013-07-01,2265.9,J,NA,NA
CLV05_MEUR,SCA,GValueAddInfocom,AT,2013-04-01,2282.2,J,NA,NA
CLV05_MEUR,SCA,GValueAddInfocom,AT,2013-01-01,2266.6,J,NA,NA
CLV05_MEUR,SCA,GValueAddInfocom,AT,2012-10-01,2247,J,NA,NA
CLV05_MEUR,SCA,GValueAddInfocom,AT,2012-07-01,2222.2,J,NA,NA
CLV05_MEUR,SCA,GValueAddInfocom,AT,2012-04-01,2210.6,J,NA,NA
CLV05_MEUR,SCA,GValueAddInfocom,AT,2012-01-01,2218.2,J,NA,NA
CLV05_MEUR,SCA,GValueAddInfocom,AT,2011-10-01,2254.1,J,NA,NA
CLV05_MEUR,SCA,GValueAddInfocom,AT,2011-07-01,2265.4,J,NA,NA
CLV05_MEUR,SCA,GValueAddInfocom,AT,2011-04-01,2231.5,J,NA,NA
CLV05_MEUR,SCA,GValueAddInfocom,AT,2011-01-01,2201.3,J,NA,NA
CLV05_MEUR,SCA,GValueAddInfocom,AT,2010-10-01,2118,J,NA,NA
CLV05_MEUR,SCA,GValueAddInfocom,AT,2010-07-01,2098.3,J,NA,NA
CLV05_MEUR,SCA,GValueAddInfocom,AT,2010-04-01,2076.1,J,NA,NA
CLV05_MEUR,SCA,GValueAddInfocom,AT,2010-01-01,2065.5,J,NA,NA
CLV05_MEUR,SCA,GValueAddFinance,AT,2022-04-01,3907.8,K,NA,NA
CLV05_MEUR,SCA,GValueAddFinance,AT,2022-01-01,3923.8,K,NA,NA
CLV05_MEUR,SCA,GValueAddFinance,AT,2021-10-01,3916.6,K,NA,NA
CLV05_MEUR,SCA,GValueAddFinance,AT,2021-07-01,3900.3,K,NA,NA
CLV05_MEUR,SCA,GValueAddFinance,AT,2021-04-01,3844.4,K,NA,NA
CLV05_MEUR,SCA,GValueAddFinance,AT,2021-01-01,3779.3,K,NA,NA
CLV05_MEUR,SCA,GValueAddFinance,AT,2020-10-01,3794.7,K,NA,NA
CLV05_MEUR,SCA,GValueAddFinance,AT,2020-07-01,3779.3,K,NA,NA
CLV05_MEUR,SCA,GValueAddFinance,AT,2020-04-01,3803.3,K,NA,NA
CLV05_MEUR,SCA,GValueAddFinance,AT,2020-01-01,3864.2,K,NA,NA
CLV05_MEUR,SCA,GValueAddFinance,AT,2019-10-01,3879.9,K,NA,NA
CLV05_MEUR,SCA,GValueAddFinance,AT,2019-07-01,3931.5,K,NA,NA
CLV05_MEUR,SCA,GValueAddFinance,AT,2019-04-01,3947.3,K,NA,NA
CLV05_MEUR,SCA,GValueAddFinance,AT,2019-01-01,3920.5,K,NA,NA
CLV05_MEUR,SCA,GValueAddFinance,AT,2018-10-01,3846.5,K,NA,NA
CLV05_MEUR,SCA,GValueAddFinance,AT,2018-07-01,3788.8,K,NA,NA
CLV05_MEUR,SCA,GValueAddFinance,AT,2018-04-01,3726.1,K,NA,NA
CLV05_MEUR,SCA,GValueAddFinance,AT,2018-01-01,3671.1,K,NA,NA
CLV05_MEUR,SCA,GValueAddFinance,AT,2017-10-01,3661.9,K,NA,NA
CLV05_MEUR,SCA,GValueAddFinance,AT,2017-07-01,3634.3,K,NA,NA
CLV05_MEUR,SCA,GValueAddFinance,AT,2017-04-01,3605,K,NA,NA
CLV05_MEUR,SCA,GValueAddFinance,AT,2017-01-01,3557.5,K,NA,NA
CLV05_MEUR,SCA,GValueAddFinance,AT,2016-10-01,3503.4,K,NA,NA
CLV05_MEUR,SCA,GValueAddFinance,AT,2016-07-01,3454.2,K,NA,NA
CLV05_MEUR,SCA,GValueAddFinance,AT,2016-04-01,3422.5,K,NA,NA
CLV05_MEUR,SCA,GValueAddFinance,AT,2016-01-01,3437.3,K,NA,NA
CLV05_MEUR,SCA,GValueAddFinance,AT,2015-10-01,3449.7,K,NA,NA
CLV05_MEUR,SCA,GValueAddFinance,AT,2015-07-01,3450.3,K,NA,NA
CLV05_MEUR,SCA,GValueAddFinance,AT,2015-04-01,3447.6,K,NA,NA
CLV05_MEUR,SCA,GValueAddFinance,AT,2015-01-01,3404.4,K,NA,NA
CLV05_MEUR,SCA,GValueAddFinance,AT,2014-10-01,3362.9,K,NA,NA
CLV05_MEUR,SCA,GValueAddFinance,AT,2014-07-01,3332.3,K,NA,NA
CLV05_MEUR,SCA,GValueAddFinance,AT,2014-04-01,3316.9,K,NA,NA
CLV05_MEUR,SCA,GValueAddFinance,AT,2014-01-01,3333.6,K,NA,NA
CLV05_MEUR,SCA,GValueAddFinance,AT,2013-10-01,3360.9,K,NA,NA
CLV05_MEUR,SCA,GValueAddFinance,AT,2013-07-01,3406.6,K,NA,NA
CLV05_MEUR,SCA,GValueAddFinance,AT,2013-04-01,3442.9,K,NA,NA
CLV05_MEUR,SCA,GValueAddFinance,AT,2013-01-01,3465.8,K,NA,NA
CLV05_MEUR,SCA,GValueAddFinance,AT,2012-10-01,3493.5,K,NA,NA
CLV05_MEUR,SCA,GValueAddFinance,AT,2012-07-01,3501.9,K,NA,NA
CLV05_MEUR,SCA,GValueAddFinance,AT,2012-04-01,3517.1,K,NA,NA
CLV05_MEUR,SCA,GValueAddFinance,AT,2012-01-01,3529.4,K,NA,NA
CLV05_MEUR,SCA,GValueAddFinance,AT,2011-10-01,3527.6,K,NA,NA
CLV05_MEUR,SCA,GValueAddFinance,AT,2011-07-01,3529,K,NA,NA
CLV05_MEUR,SCA,GValueAddFinance,AT,2011-04-01,3515.3,K,NA,NA
CLV05_MEUR,SCA,GValueAddFinance,AT,2011-01-01,3501.1,K,NA,NA
CLV05_MEUR,SCA,GValueAddFinance,AT,2010-10-01,3486.5,K,NA,NA
CLV05_MEUR,SCA,GValueAddFinance,AT,2010-07-01,3453.9,K,NA,NA
CLV05_MEUR,SCA,GValueAddFinance,AT,2010-04-01,3435.4,K,NA,NA
CLV05_MEUR,SCA,GValueAddFinance,AT,2010-01-01,3416.1,K,NA,NA
CLV05_MEUR,SCA,GValueAddRealest,AT,2022-04-01,6409.9,L,NA,NA
CLV05_MEUR,SCA,GValueAddRealest,AT,2022-01-01,6379.4,L,NA,NA
CLV05_MEUR,SCA,GValueAddRealest,AT,2021-10-01,6316.6,L,NA,NA
CLV05_MEUR,SCA,GValueAddRealest,AT,2021-07-01,6285.3,L,NA,NA
CLV05_MEUR,SCA,GValueAddRealest,AT,2021-04-01,6256.9,L,NA,NA
CLV05_MEUR,SCA,GValueAddRealest,AT,2021-01-01,6231.6,L,NA,NA
CLV05_MEUR,SCA,GValueAddRealest,AT,2020-10-01,6208.4,L,NA,NA
CLV05_MEUR,SCA,GValueAddRealest,AT,2020-07-01,6205.6,L,NA,NA
CLV05_MEUR,SCA,GValueAddRealest,AT,2020-04-01,6215.5,L,NA,NA
CLV05_MEUR,SCA,GValueAddRealest,AT,2020-01-01,6219.7,L,NA,NA
CLV05_MEUR,SCA,GValueAddRealest,AT,2019-10-01,6215.5,L,NA,NA
CLV05_MEUR,SCA,GValueAddRealest,AT,2019-07-01,6214.6,L,NA,NA
CLV05_MEUR,SCA,GValueAddRealest,AT,2019-04-01,6211.6,L,NA,NA
CLV05_MEUR,SCA,GValueAddRealest,AT,2019-01-01,6207.4,L,NA,NA
CLV05_MEUR,SCA,GValueAddRealest,AT,2018-10-01,6197.7,L,NA,NA
CLV05_MEUR,SCA,GValueAddRealest,AT,2018-07-01,6193,L,NA,NA
CLV05_MEUR,SCA,GValueAddRealest,AT,2018-04-01,6200.1,L,NA,NA
CLV05_MEUR,SCA,GValueAddRealest,AT,2018-01-01,6171.3,L,NA,NA
CLV05_MEUR,SCA,GValueAddRealest,AT,2017-10-01,6104.6,L,NA,NA
CLV05_MEUR,SCA,GValueAddRealest,AT,2017-07-01,6140.1,L,NA,NA
CLV05_MEUR,SCA,GValueAddRealest,AT,2017-04-01,6137.6,L,NA,NA
CLV05_MEUR,SCA,GValueAddRealest,AT,2017-01-01,6109.7,L,NA,NA
CLV05_MEUR,SCA,GValueAddRealest,AT,2016-10-01,6092.8,L,NA,NA
CLV05_MEUR,SCA,GValueAddRealest,AT,2016-07-01,6053,L,NA,NA
CLV05_MEUR,SCA,GValueAddRealest,AT,2016-04-01,6003.5,L,NA,NA
CLV05_MEUR,SCA,GValueAddRealest,AT,2016-01-01,6011.4,L,NA,NA
CLV05_MEUR,SCA,GValueAddRealest,AT,2015-10-01,6049,L,NA,NA
CLV05_MEUR,SCA,GValueAddRealest,AT,2015-07-01,5968.4,L,NA,NA
CLV05_MEUR,SCA,GValueAddRealest,AT,2015-04-01,5926.9,L,NA,NA
CLV05_MEUR,SCA,GValueAddRealest,AT,2015-01-01,5987.2,L,NA,NA
CLV05_MEUR,SCA,GValueAddRealest,AT,2014-10-01,5985.6,L,NA,NA
CLV05_MEUR,SCA,GValueAddRealest,AT,2014-07-01,6025.1,L,NA,NA
CLV05_MEUR,SCA,GValueAddRealest,AT,2014-04-01,6024.9,L,NA,NA
CLV05_MEUR,SCA,GValueAddRealest,AT,2014-01-01,6023.3,L,NA,NA
CLV05_MEUR,SCA,GValueAddRealest,AT,2013-10-01,5988.8,L,NA,NA
CLV05_MEUR,SCA,GValueAddRealest,AT,2013-07-01,5973.1,L,NA,NA
CLV05_MEUR,SCA,GValueAddRealest,AT,2013-04-01,5951.4,L,NA,NA
CLV05_MEUR,SCA,GValueAddRealest,AT,2013-01-01,5924.2,L,NA,NA
CLV05_MEUR,SCA,GValueAddRealest,AT,2012-10-01,5872,L,NA,NA
CLV05_MEUR,SCA,GValueAddRealest,AT,2012-07-01,5857.5,L,NA,NA
CLV05_MEUR,SCA,GValueAddRealest,AT,2012-04-01,5831.3,L,NA,NA
CLV05_MEUR,SCA,GValueAddRealest,AT,2012-01-01,5825.4,L,NA,NA
CLV05_MEUR,SCA,GValueAddRealest,AT,2011-10-01,5785,L,NA,NA
CLV05_MEUR,SCA,GValueAddRealest,AT,2011-07-01,5743.7,L,NA,NA
CLV05_MEUR,SCA,GValueAddRealest,AT,2011-04-01,5744.2,L,NA,NA
CLV05_MEUR,SCA,GValueAddRealest,AT,2011-01-01,5731.6,L,NA,NA
CLV05_MEUR,SCA,GValueAddRealest,AT,2010-10-01,5697.9,L,NA,NA
CLV05_MEUR,SCA,GValueAddRealest,AT,2010-07-01,5575.8,L,NA,NA
CLV05_MEUR,SCA,GValueAddRealest,AT,2010-04-01,5538.2,L,NA,NA
CLV05_MEUR,SCA,GValueAddRealest,AT,2010-01-01,5472.6,L,NA,NA
CLV05_MEUR,SCA,GValueAddResearch,AT,2022-04-01,7443.5,M_N,NA,NA
CLV05_MEUR,SCA,GValueAddResearch,AT,2022-01-01,7367.1,M_N,NA,NA
CLV05_MEUR,SCA,GValueAddResearch,AT,2021-10-01,7097.9,M_N,NA,NA
CLV05_MEUR,SCA,GValueAddResearch,AT,2021-07-01,7213.4,M_N,NA,NA
CLV05_MEUR,SCA,GValueAddResearch,AT,2021-04-01,6991.1,M_N,NA,NA
CLV05_MEUR,SCA,GValueAddResearch,AT,2021-01-01,6884.9,M_N,NA,NA
CLV05_MEUR,SCA,GValueAddResearch,AT,2020-10-01,6925.9,M_N,NA,NA
CLV05_MEUR,SCA,GValueAddResearch,AT,2020-07-01,6600.3,M_N,NA,NA
CLV05_MEUR,SCA,GValueAddResearch,AT,2020-04-01,5755.6,M_N,NA,NA
CLV05_MEUR,SCA,GValueAddResearch,AT,2020-01-01,7102.4,M_N,NA,NA
CLV05_MEUR,SCA,GValueAddResearch,AT,2019-10-01,7048.1,M_N,NA,NA
CLV05_MEUR,SCA,GValueAddResearch,AT,2019-07-01,7097.9,M_N,NA,NA
CLV05_MEUR,SCA,GValueAddResearch,AT,2019-04-01,7022.1,M_N,NA,NA
CLV05_MEUR,SCA,GValueAddResearch,AT,2019-01-01,7008.3,M_N,NA,NA
CLV05_MEUR,SCA,GValueAddResearch,AT,2018-10-01,6935,M_N,NA,NA
CLV05_MEUR,SCA,GValueAddResearch,AT,2018-07-01,6727.1,M_N,NA,NA
CLV05_MEUR,SCA,GValueAddResearch,AT,2018-04-01,6685.6,M_N,NA,NA
CLV05_MEUR,SCA,GValueAddResearch,AT,2018-01-01,6778.8,M_N,NA,NA
CLV05_MEUR,SCA,GValueAddResearch,AT,2017-10-01,6612,M_N,NA,NA
CLV05_MEUR,SCA,GValueAddResearch,AT,2017-07-01,6632.3,M_N,NA,NA
CLV05_MEUR,SCA,GValueAddResearch,AT,2017-04-01,6519.2,M_N,NA,NA
CLV05_MEUR,SCA,GValueAddResearch,AT,2017-01-01,6380.2,M_N,NA,NA
CLV05_MEUR,SCA,GValueAddResearch,AT,2016-10-01,6434,M_N,NA,NA
CLV05_MEUR,SCA,GValueAddResearch,AT,2016-07-01,6272.8,M_N,NA,NA
CLV05_MEUR,SCA,GValueAddResearch,AT,2016-04-01,6328.1,M_N,NA,NA
CLV05_MEUR,SCA,GValueAddResearch,AT,2016-01-01,6196.3,M_N,NA,NA
CLV05_MEUR,SCA,GValueAddResearch,AT,2015-10-01,6155.6,M_N,NA,NA
CLV05_MEUR,SCA,GValueAddResearch,AT,2015-07-01,6208.6,M_N,NA,NA
CLV05_MEUR,SCA,GValueAddResearch,AT,2015-04-01,6040.7,M_N,NA,NA
CLV05_MEUR,SCA,GValueAddResearch,AT,2015-01-01,6071,M_N,NA,NA
CLV05_MEUR,SCA,GValueAddResearch,AT,2014-10-01,6050,M_N,NA,NA
CLV05_MEUR,SCA,GValueAddResearch,AT,2014-07-01,5998.7,M_N,NA,NA
CLV05_MEUR,SCA,GValueAddResearch,AT,2014-04-01,5900.9,M_N,NA,NA
CLV05_MEUR,SCA,GValueAddResearch,AT,2014-01-01,5848.5,M_N,NA,NA
CLV05_MEUR,SCA,GValueAddResearch,AT,2013-10-01,5933.6,M_N,NA,NA
CLV05_MEUR,SCA,GValueAddResearch,AT,2013-07-01,5848,M_N,NA,NA
CLV05_MEUR,SCA,GValueAddResearch,AT,2013-04-01,5805,M_N,NA,NA
CLV05_MEUR,SCA,GValueAddResearch,AT,2013-01-01,5782.4,M_N,NA,NA
CLV05_MEUR,SCA,GValueAddResearch,AT,2012-10-01,5679,M_N,NA,NA
CLV05_MEUR,SCA,GValueAddResearch,AT,2012-07-01,5731,M_N,NA,NA
CLV05_MEUR,SCA,GValueAddResearch,AT,2012-04-01,5713.8,M_N,NA,NA
CLV05_MEUR,SCA,GValueAddResearch,AT,2012-01-01,5875.1,M_N,NA,NA
CLV05_MEUR,SCA,GValueAddResearch,AT,2011-10-01,5687.9,M_N,NA,NA
CLV05_MEUR,SCA,GValueAddResearch,AT,2011-07-01,5651,M_N,NA,NA
CLV05_MEUR,SCA,GValueAddResearch,AT,2011-04-01,5697,M_N,NA,NA
CLV05_MEUR,SCA,GValueAddResearch,AT,2011-01-01,5469.5,M_N,NA,NA
CLV05_MEUR,SCA,GValueAddResearch,AT,2010-10-01,5517.3,M_N,NA,NA
CLV05_MEUR,SCA,GValueAddResearch,AT,2010-07-01,5434.9,M_N,NA,NA
CLV05_MEUR,SCA,GValueAddResearch,AT,2010-04-01,5228.8,M_N,NA,NA
CLV05_MEUR,SCA,GValueAddResearch,AT,2010-01-01,5124.9,M_N,NA,NA
CLV05_MEUR,SCA,GValueAddArts,AT,2022-04-01,1596.4,R-U,NA,NA
CLV05_MEUR,SCA,GValueAddArts,AT,2022-01-01,1583.8,R-U,NA,NA
CLV05_MEUR,SCA,GValueAddArts,AT,2021-10-01,1442,R-U,NA,NA
CLV05_MEUR,SCA,GValueAddArts,AT,2021-07-01,1596.9,R-U,NA,NA
CLV05_MEUR,SCA,GValueAddArts,AT,2021-04-01,1487.6,R-U,NA,NA
CLV05_MEUR,SCA,GValueAddArts,AT,2021-01-01,1395.9,R-U,NA,NA
CLV05_MEUR,SCA,GValueAddArts,AT,2020-10-01,1401.5,R-U,NA,NA
CLV05_MEUR,SCA,GValueAddArts,AT,2020-07-01,1612.5,R-U,NA,NA
CLV05_MEUR,SCA,GValueAddArts,AT,2020-04-01,1163.3,R-U,NA,NA
CLV05_MEUR,SCA,GValueAddArts,AT,2020-01-01,1617.8,R-U,NA,NA
CLV05_MEUR,SCA,GValueAddArts,AT,2019-10-01,1779.8,R-U,NA,NA
CLV05_MEUR,SCA,GValueAddArts,AT,2019-07-01,1770.6,R-U,NA,NA
CLV05_MEUR,SCA,GValueAddArts,AT,2019-04-01,1777.2,R-U,NA,NA
CLV05_MEUR,SCA,GValueAddArts,AT,2019-01-01,1761.3,R-U,NA,NA
CLV05_MEUR,SCA,GValueAddArts,AT,2018-10-01,1744,R-U,NA,NA
CLV05_MEUR,SCA,GValueAddArts,AT,2018-07-01,1747.8,R-U,NA,NA
CLV05_MEUR,SCA,GValueAddArts,AT,2018-04-01,1757,R-U,NA,NA
CLV05_MEUR,SCA,GValueAddArts,AT,2018-01-01,1759.2,R-U,NA,NA
CLV05_MEUR,SCA,GValueAddArts,AT,2017-10-01,1756.8,R-U,NA,NA
CLV05_MEUR,SCA,GValueAddArts,AT,2017-07-01,1751.5,R-U,NA,NA
CLV05_MEUR,SCA,GValueAddArts,AT,2017-04-01,1747.5,R-U,NA,NA
CLV05_MEUR,SCA,GValueAddArts,AT,2017-01-01,1740.2,R-U,NA,NA
CLV05_MEUR,SCA,GValueAddArts,AT,2016-10-01,1729,R-U,NA,NA
CLV05_MEUR,SCA,GValueAddArts,AT,2016-07-01,1708.2,R-U,NA,NA
CLV05_MEUR,SCA,GValueAddArts,AT,2016-04-01,1714.2,R-U,NA,NA
CLV05_MEUR,SCA,GValueAddArts,AT,2016-01-01,1730.6,R-U,NA,NA
CLV05_MEUR,SCA,GValueAddArts,AT,2015-10-01,1729.3,R-U,NA,NA
CLV05_MEUR,SCA,GValueAddArts,AT,2015-07-01,1744.4,R-U,NA,NA
CLV05_MEUR,SCA,GValueAddArts,AT,2015-04-01,1740.3,R-U,NA,NA
CLV05_MEUR,SCA,GValueAddArts,AT,2015-01-01,1729.2,R-U,NA,NA
CLV05_MEUR,SCA,GValueAddArts,AT,2014-10-01,1726.2,R-U,NA,NA
CLV05_MEUR,SCA,GValueAddArts,AT,2014-07-01,1735.9,R-U,NA,NA
CLV05_MEUR,SCA,GValueAddArts,AT,2014-04-01,1712.4,R-U,NA,NA
CLV05_MEUR,SCA,GValueAddArts,AT,2014-01-01,1696.3,R-U,NA,NA
CLV05_MEUR,SCA,GValueAddArts,AT,2013-10-01,1702.9,R-U,NA,NA
CLV05_MEUR,SCA,GValueAddArts,AT,2013-07-01,1678.7,R-U,NA,NA
CLV05_MEUR,SCA,GValueAddArts,AT,2013-04-01,1708.1,R-U,NA,NA
CLV05_MEUR,SCA,GValueAddArts,AT,2013-01-01,1727.3,R-U,NA,NA
CLV05_MEUR,SCA,GValueAddArts,AT,2012-10-01,1709.1,R-U,NA,NA
CLV05_MEUR,SCA,GValueAddArts,AT,2012-07-01,1715.3,R-U,NA,NA
CLV05_MEUR,SCA,GValueAddArts,AT,2012-04-01,1727.9,R-U,NA,NA
CLV05_MEUR,SCA,GValueAddArts,AT,2012-01-01,1717,R-U,NA,NA
CLV05_MEUR,SCA,GValueAddArts,AT,2011-10-01,1729.8,R-U,NA,NA
CLV05_MEUR,SCA,GValueAddArts,AT,2011-07-01,1718.3,R-U,NA,NA
CLV05_MEUR,SCA,GValueAddArts,AT,2011-04-01,1693.8,R-U,NA,NA
CLV05_MEUR,SCA,GValueAddArts,AT,2011-01-01,1700.4,R-U,NA,NA
CLV05_MEUR,SCA,GValueAddArts,AT,2010-10-01,1684.5,R-U,NA,NA
CLV05_MEUR,SCA,GValueAddArts,AT,2010-07-01,1684.7,R-U,NA,NA
CLV05_MEUR,SCA,GValueAddArts,AT,2010-04-01,1705.7,R-U,NA,NA
CLV05_MEUR,SCA,GValueAddArts,AT,2010-01-01,1693.1,R-U,NA,NA
THS_T,NA,Emissions,AT,2022-04-01,18181.754,TOTAL_HH,NA,NA
THS_T,NA,Emissions,AT,2022-01-01,20161.939,TOTAL_HH,NA,NA
THS_T,NA,Emissions,AT,2021-10-01,20178.428,TOTAL_HH,NA,NA
THS_T,NA,Emissions,AT,2021-07-01,16963.771,TOTAL_HH,NA,NA
THS_T,NA,Emissions,AT,2021-04-01,17177.736,TOTAL_HH,NA,NA
THS_T,NA,Emissions,AT,2021-01-01,18316.613,TOTAL_HH,NA,NA
THS_T,NA,Emissions,AT,2020-10-01,18458.726,TOTAL_HH,NA,NA
THS_T,NA,Emissions,AT,2020-07-01,15866.604,TOTAL_HH,NA,NA
THS_T,NA,Emissions,AT,2020-04-01,14053.534,TOTAL_HH,NA,NA
THS_T,NA,Emissions,AT,2020-01-01,19421.773,TOTAL_HH,NA,NA
THS_T,NA,Emissions,AT,2019-10-01,19839.245,TOTAL_HH,NA,NA
THS_T,NA,Emissions,AT,2019-07-01,17824.916,TOTAL_HH,NA,NA
THS_T,NA,Emissions,AT,2019-04-01,18387.113,TOTAL_HH,NA,NA
THS_T,NA,Emissions,AT,2019-01-01,19502.304,TOTAL_HH,NA,NA
THS_T,NA,Emissions,AT,2018-10-01,19525.694,TOTAL_HH,NA,NA
THS_T,NA,Emissions,AT,2018-07-01,16210.749,TOTAL_HH,NA,NA
THS_T,NA,Emissions,AT,2018-04-01,16619.64,TOTAL_HH,NA,NA
THS_T,NA,Emissions,AT,2018-01-01,19891.248,TOTAL_HH,NA,NA
THS_T,NA,Emissions,AT,2017-10-01,19721.889,TOTAL_HH,NA,NA
THS_T,NA,Emissions,AT,2017-07-01,17043.284,TOTAL_HH,NA,NA
THS_T,NA,Emissions,AT,2017-04-01,17566.126,TOTAL_HH,NA,NA
THS_T,NA,Emissions,AT,2017-01-01,20614.49,TOTAL_HH,NA,NA
THS_T,NA,Emissions,AT,2016-10-01,19891.846,TOTAL_HH,NA,NA
THS_T,NA,Emissions,AT,2016-07-01,15881.477,TOTAL_HH,NA,NA
THS_T,NA,Emissions,AT,2016-04-01,16841.675,TOTAL_HH,NA,NA
THS_T,NA,Emissions,AT,2016-01-01,19107.914,TOTAL_HH,NA,NA
THS_T,NA,Emissions,AT,2015-10-01,19253.129,TOTAL_HH,NA,NA
THS_T,NA,Emissions,AT,2015-07-01,16441.455,TOTAL_HH,NA,NA
THS_T,NA,Emissions,AT,2015-04-01,16817.072,TOTAL_HH,NA,NA
THS_T,NA,Emissions,AT,2015-01-01,19304.211,TOTAL_HH,NA,NA
THS_T,NA,Emissions,AT,2014-10-01,18849.248,TOTAL_HH,NA,NA
THS_T,NA,Emissions,AT,2014-07-01,16254.871,TOTAL_HH,NA,NA
THS_T,NA,Emissions,AT,2014-04-01,16812.928,TOTAL_HH,NA,NA
THS_T,NA,Emissions,AT,2014-01-01,18577.006,TOTAL_HH,NA,NA
THS_T,NA,Emissions,AT,2013-10-01,19512.164,TOTAL_HH,NA,NA
THS_T,NA,Emissions,AT,2013-07-01,16778.213,TOTAL_HH,NA,NA
THS_T,NA,Emissions,AT,2013-04-01,17427.982,TOTAL_HH,NA,NA
THS_T,NA,Emissions,AT,2013-01-01,20213.415,TOTAL_HH,NA,NA
THS_T,NA,Emissions,AT,2012-10-01,20184.817,TOTAL_HH,NA,NA
THS_T,NA,Emissions,AT,2012-07-01,16945.568,TOTAL_HH,NA,NA
THS_T,NA,Emissions,AT,2012-04-01,17544.853,TOTAL_HH,NA,NA
THS_T,NA,Emissions,AT,2012-01-01,20773.034,TOTAL_HH,NA,NA
THS_T,NA,Emissions,AT,2011-10-01,20800.775,TOTAL_HH,NA,NA
THS_T,NA,Emissions,AT,2011-07-01,17717.619,TOTAL_HH,NA,NA
THS_T,NA,Emissions,AT,2011-04-01,18760.705,TOTAL_HH,NA,NA
THS_T,NA,Emissions,AT,2011-01-01,21810.296,TOTAL_HH,NA,NA
THS_T,NA,Emissions,AT,2010-10-01,22495.846,TOTAL_HH,NA,NA
THS_T,NA,Emissions,AT,2010-07-01,18594.381,TOTAL_HH,NA,NA
THS_T,NA,Emissions,AT,2010-04-01,18935.559,TOTAL_HH,NA,NA
THS_T,NA,Emissions,AT,2010-01-01,21486.007,TOTAL_HH,NA,NA
I16,SCA,LabCostManuf,AT,2022-04-01,118.5,C,NV,NA
I16,SCA,LabCostManuf,AT,2022-01-01,117.7,C,NV,NA
I16,SCA,LabCostManuf,AT,2021-10-01,116.5,C,NV,NA
I16,SCA,LabCostManuf,AT,2021-07-01,114.8,C,NV,NA
I16,SCA,LabCostManuf,AT,2021-04-01,111.9,C,NV,NA
I16,SCA,LabCostManuf,AT,2021-01-01,110.6,C,NV,NA
I16,SCA,LabCostManuf,AT,2020-10-01,113.7,C,NV,NA
I16,SCA,LabCostManuf,AT,2020-07-01,109.2,C,NV,NA
I16,SCA,LabCostManuf,AT,2020-04-01,112.6,C,NV,NA
I16,SCA,LabCostManuf,AT,2020-01-01,110.8,C,NV,NA
I16,SCA,LabCostManuf,AT,2019-10-01,109.8,C,NV,NA
I16,SCA,LabCostManuf,AT,2019-07-01,109.2,C,NV,NA
I16,SCA,LabCostManuf,AT,2019-04-01,108.6,C,NV,NA
I16,SCA,LabCostManuf,AT,2019-01-01,107.2,C,NV,NA
I16,SCA,LabCostManuf,AT,2018-10-01,106.1,C,NV,NA
I16,SCA,LabCostManuf,AT,2018-07-01,104.8,C,NV,NA
I16,SCA,LabCostManuf,AT,2018-04-01,104.7,C,NV,NA
I16,SCA,LabCostManuf,AT,2018-01-01,104.3,C,NV,NA
I16,SCA,LabCostManuf,AT,2017-10-01,102.3,C,NV,NA
I16,SCA,LabCostManuf,AT,2017-07-01,101.5,C,NV,NA
I16,SCA,LabCostManuf,AT,2017-04-01,100.9,C,NV,NA
I16,SCA,LabCostManuf,AT,2017-01-01,101,C,NV,NA
I16,SCA,LabCostManuf,AT,2016-10-01,100.7,C,NV,NA
I16,SCA,LabCostManuf,AT,2016-07-01,100.4,C,NV,NA
I16,SCA,LabCostManuf,AT,2016-04-01,99.6,C,NV,NA
I16,SCA,LabCostManuf,AT,2016-01-01,99.2,C,NV,NA
I16,SCA,LabCostManuf,AT,2015-10-01,99.1,C,NV,NA
I16,SCA,LabCostManuf,AT,2015-07-01,98.1,C,NV,NA
I16,SCA,LabCostManuf,AT,2015-04-01,97.7,C,NV,NA
I16,SCA,LabCostManuf,AT,2015-01-01,97.5,C,NV,NA
I16,SCA,LabCostManuf,AT,2014-10-01,97,C,NV,NA
I16,SCA,LabCostManuf,AT,2014-07-01,96.7,C,NV,NA
I16,SCA,LabCostManuf,AT,2014-04-01,96,C,NV,NA
I16,SCA,LabCostManuf,AT,2014-01-01,94.1,C,NV,NA
I16,SCA,LabCostManuf,AT,2013-10-01,94.3,C,NV,NA
I16,SCA,LabCostManuf,AT,2013-07-01,93.7,C,NV,NA
I16,SCA,LabCostManuf,AT,2013-04-01,93.4,C,NV,NA
I16,SCA,LabCostManuf,AT,2013-01-01,92.3,C,NV,NA
I16,SCA,LabCostManuf,AT,2012-10-01,91.4,C,NV,NA
I16,SCA,LabCostManuf,AT,2012-07-01,91.3,C,NV,NA
I16,SCA,LabCostManuf,AT,2012-04-01,90.5,C,NV,NA
I16,SCA,LabCostManuf,AT,2012-01-01,88.7,C,NV,NA
I16,SCA,LabCostManuf,AT,2011-10-01,88.5,C,NV,NA
I16,SCA,LabCostManuf,AT,2011-07-01,87.5,C,NV,NA
I16,SCA,LabCostManuf,AT,2011-04-01,86.9,C,NV,NA
I16,SCA,LabCostManuf,AT,2011-01-01,86.8,C,NV,NA
I16,SCA,LabCostManuf,AT,2010-10-01,86.6,C,NV,NA
I16,SCA,LabCostManuf,AT,2010-07-01,85.3,C,NV,NA
I16,SCA,LabCostManuf,AT,2010-04-01,84.6,C,NV,NA
I16,SCA,LabCostManuf,AT,2010-01-01,85,C,NV,NA
I16,SCA,LabCostConstr,AT,2022-04-01,118.4,F,NV,NA
I16,SCA,LabCostConstr,AT,2022-01-01,116.9,F,NV,NA
I16,SCA,LabCostConstr,AT,2021-10-01,116.6,F,NV,NA
I16,SCA,LabCostConstr,AT,2021-07-01,114.7,F,NV,NA
I16,SCA,LabCostConstr,AT,2021-04-01,112.3,F,NV,NA
I16,SCA,LabCostConstr,AT,2021-01-01,110,F,NV,NA
I16,SCA,LabCostConstr,AT,2020-10-01,112.4,F,NV,NA
I16,SCA,LabCostConstr,AT,2020-07-01,109.9,F,NV,NA
I16,SCA,LabCostConstr,AT,2020-04-01,111.1,F,NV,NA
I16,SCA,LabCostConstr,AT,2020-01-01,116.9,F,NV,NA
I16,SCA,LabCostConstr,AT,2019-10-01,107.9,F,NV,NA
I16,SCA,LabCostConstr,AT,2019-07-01,109.1,F,NV,NA
I16,SCA,LabCostConstr,AT,2019-04-01,108.6,F,NV,NA
I16,SCA,LabCostConstr,AT,2019-01-01,105.5,F,NV,NA
I16,SCA,LabCostConstr,AT,2018-10-01,104.4,F,NV,NA
I16,SCA,LabCostConstr,AT,2018-07-01,104.2,F,NV,NA
I16,SCA,LabCostConstr,AT,2018-04-01,103.8,F,NV,NA
I16,SCA,LabCostConstr,AT,2018-01-01,104.6,F,NV,NA
I16,SCA,LabCostConstr,AT,2017-10-01,101,F,NV,NA
I16,SCA,LabCostConstr,AT,2017-07-01,101.4,F,NV,NA
I16,SCA,LabCostConstr,AT,2017-04-01,100.5,F,NV,NA
I16,SCA,LabCostConstr,AT,2017-01-01,101.3,F,NV,NA
I16,SCA,LabCostConstr,AT,2016-10-01,100.8,F,NV,NA
I16,SCA,LabCostConstr,AT,2016-07-01,99.6,F,NV,NA
I16,SCA,LabCostConstr,AT,2016-04-01,99.7,F,NV,NA
I16,SCA,LabCostConstr,AT,2016-01-01,100,F,NV,NA
I16,SCA,LabCostConstr,AT,2015-10-01,100.1,F,NV,NA
I16,SCA,LabCostConstr,AT,2015-07-01,98.8,F,NV,NA
I16,SCA,LabCostConstr,AT,2015-04-01,98.9,F,NV,NA
I16,SCA,LabCostConstr,AT,2015-01-01,98,F,NV,NA
I16,SCA,LabCostConstr,AT,2014-10-01,97.1,F,NV,NA
I16,SCA,LabCostConstr,AT,2014-07-01,97.6,F,NV,NA
I16,SCA,LabCostConstr,AT,2014-04-01,96,F,NV,NA
I16,SCA,LabCostConstr,AT,2014-01-01,93.7,F,NV,NA
I16,SCA,LabCostConstr,AT,2013-10-01,92.3,F,NV,NA
I16,SCA,LabCostConstr,AT,2013-07-01,92.1,F,NV,NA
I16,SCA,LabCostConstr,AT,2013-04-01,91.5,F,NV,NA
I16,SCA,LabCostConstr,AT,2013-01-01,91.5,F,NV,NA
I16,SCA,LabCostConstr,AT,2012-10-01,90.8,F,NV,NA
I16,SCA,LabCostConstr,AT,2012-07-01,89.8,F,NV,NA
I16,SCA,LabCostConstr,AT,2012-04-01,89.8,F,NV,NA
I16,SCA,LabCostConstr,AT,2012-01-01,88.9,F,NV,NA
I16,SCA,LabCostConstr,AT,2011-10-01,87.8,F,NV,NA
I16,SCA,LabCostConstr,AT,2011-07-01,87.4,F,NV,NA
I16,SCA,LabCostConstr,AT,2011-04-01,86.1,F,NV,NA
I16,SCA,LabCostConstr,AT,2011-01-01,85.6,F,NV,NA
I16,SCA,LabCostConstr,AT,2010-10-01,87.6,F,NV,NA
I16,SCA,LabCostConstr,AT,2010-07-01,85.5,F,NV,NA
I16,SCA,LabCostConstr,AT,2010-04-01,85,F,NV,NA
I16,SCA,LabCostConstr,AT,2010-01-01,86.1,F,NV,NA
I16,SCA,LabCostService,AT,2022-04-01,124.4,G-N,NV,NA
I16,SCA,LabCostService,AT,2022-01-01,122,G-N,NV,NA
I16,SCA,LabCostService,AT,2021-10-01,125.4,G-N,NV,NA
I16,SCA,LabCostService,AT,2021-07-01,120.3,G-N,NV,NA
I16,SCA,LabCostService,AT,2021-04-01,116.5,G-N,NV,NA
I16,SCA,LabCostService,AT,2021-01-01,115.7,G-N,NV,NA
I16,SCA,LabCostService,AT,2020-10-01,122.6,G-N,NV,NA
I16,SCA,LabCostService,AT,2020-07-01,113.3,G-N,NV,NA
I16,SCA,LabCostService,AT,2020-04-01,120.3,G-N,NV,NA
I16,SCA,LabCostService,AT,2020-01-01,120.2,G-N,NV,NA
I16,SCA,LabCostService,AT,2019-10-01,109.9,G-N,NV,NA
I16,SCA,LabCostService,AT,2019-07-01,111.4,G-N,NV,NA
I16,SCA,LabCostService,AT,2019-04-01,112.7,G-N,NV,NA
I16,SCA,LabCostService,AT,2019-01-01,108.8,G-N,NV,NA
I16,SCA,LabCostService,AT,2018-10-01,108.7,G-N,NV,NA
I16,SCA,LabCostService,AT,2018-07-01,109.2,G-N,NV,NA
I16,SCA,LabCostService,AT,2018-04-01,108,G-N,NV,NA
I16,SCA,LabCostService,AT,2018-01-01,106.9,G-N,NV,NA
I16,SCA,LabCostService,AT,2017-10-01,105.5,G-N,NV,NA
I16,SCA,LabCostService,AT,2017-07-01,105.7,G-N,NV,NA
I16,SCA,LabCostService,AT,2017-04-01,104.6,G-N,NV,NA
I16,SCA,LabCostService,AT,2017-01-01,102,G-N,NV,NA
I16,SCA,LabCostService,AT,2016-10-01,101.8,G-N,NV,NA
I16,SCA,LabCostService,AT,2016-07-01,99.9,G-N,NV,NA
I16,SCA,LabCostService,AT,2016-04-01,97.9,G-N,NV,NA
I16,SCA,LabCostService,AT,2016-01-01,100.3,G-N,NV,NA
I16,SCA,LabCostService,AT,2015-10-01,101.8,G-N,NV,NA
I16,SCA,LabCostService,AT,2015-07-01,97.9,G-N,NV,NA
I16,SCA,LabCostService,AT,2015-04-01,98.8,G-N,NV,NA
I16,SCA,LabCostService,AT,2015-01-01,99.4,G-N,NV,NA
I16,SCA,LabCostService,AT,2014-10-01,96.1,G-N,NV,NA
I16,SCA,LabCostService,AT,2014-07-01,96.2,G-N,NV,NA
I16,SCA,LabCostService,AT,2014-04-01,96.8,G-N,NV,NA
I16,SCA,LabCostService,AT,2014-01-01,94.7,G-N,NV,NA
I16,SCA,LabCostService,AT,2013-10-01,93.8,G-N,NV,NA
I16,SCA,LabCostService,AT,2013-07-01,96.2,G-N,NV,NA
I16,SCA,LabCostService,AT,2013-04-01,92.9,G-N,NV,NA
I16,SCA,LabCostService,AT,2013-01-01,92.5,G-N,NV,NA
I16,SCA,LabCostService,AT,2012-10-01,92.3,G-N,NV,NA
I16,SCA,LabCostService,AT,2012-07-01,91.5,G-N,NV,NA
I16,SCA,LabCostService,AT,2012-04-01,91.9,G-N,NV,NA
I16,SCA,LabCostService,AT,2012-01-01,89.3,G-N,NV,NA
I16,SCA,LabCostService,AT,2011-10-01,88.3,G-N,NV,NA
I16,SCA,LabCostService,AT,2011-07-01,88.1,G-N,NV,NA
I16,SCA,LabCostService,AT,2011-04-01,86.7,G-N,NV,NA
I16,SCA,LabCostService,AT,2011-01-01,85.5,G-N,NV,NA
I16,SCA,LabCostService,AT,2010-10-01,87.8,G-N,NV,NA
I16,SCA,LabCostService,AT,2010-07-01,84.3,G-N,NV,NA
I16,SCA,LabCostService,AT,2010-04-01,83.6,G-N,NV,NA
I16,SCA,LabCostService,AT,2010-01-01,83.1,G-N,NV,NA
I15,SCA,BuildingPermits,AT,2022-04-01,78.7,NA,NA,CPA_F41001_41002
I15,SCA,BuildingPermits,AT,2022-01-01,82.8,NA,NA,CPA_F41001_41002
I15,SCA,BuildingPermits,AT,2021-10-01,89.8,NA,NA,CPA_F41001_41002
I15,SCA,BuildingPermits,AT,2021-07-01,96.4,NA,NA,CPA_F41001_41002
I15,SCA,BuildingPermits,AT,2021-04-01,109.1,NA,NA,CPA_F41001_41002
I15,SCA,BuildingPermits,AT,2021-01-01,121.8,NA,NA,CPA_F41001_41002
I15,SCA,BuildingPermits,AT,2020-10-01,114.4,NA,NA,CPA_F41001_41002
I15,SCA,BuildingPermits,AT,2020-07-01,103.4,NA,NA,CPA_F41001_41002
I15,SCA,BuildingPermits,AT,2020-04-01,86.8,NA,NA,CPA_F41001_41002
I15,SCA,BuildingPermits,AT,2020-01-01,86.7,NA,NA,CPA_F41001_41002
I15,SCA,BuildingPermits,AT,2019-10-01,118.8,NA,NA,CPA_F41001_41002
I15,SCA,BuildingPermits,AT,2019-07-01,105.3,NA,NA,CPA_F41001_41002
I15,SCA,BuildingPermits,AT,2019-04-01,108.2,NA,NA,CPA_F41001_41002
I15,SCA,BuildingPermits,AT,2019-01-01,106.9,NA,NA,CPA_F41001_41002
I15,SCA,BuildingPermits,AT,2018-10-01,96.2,NA,NA,CPA_F41001_41002
I15,SCA,BuildingPermits,AT,2018-07-01,97.5,NA,NA,CPA_F41001_41002
I15,SCA,BuildingPermits,AT,2018-04-01,103.4,NA,NA,CPA_F41001_41002
I15,SCA,BuildingPermits,AT,2018-01-01,105.6,NA,NA,CPA_F41001_41002
I15,SCA,BuildingPermits,AT,2017-10-01,110.3,NA,NA,CPA_F41001_41002
I15,SCA,BuildingPermits,AT,2017-07-01,112.2,NA,NA,CPA_F41001_41002
I15,SCA,BuildingPermits,AT,2017-04-01,102.7,NA,NA,CPA_F41001_41002
I15,SCA,BuildingPermits,AT,2017-01-01,102.8,NA,NA,CPA_F41001_41002
I15,SCA,BuildingPermits,AT,2016-10-01,92.2,NA,NA,CPA_F41001_41002
I15,SCA,BuildingPermits,AT,2016-07-01,100.4,NA,NA,CPA_F41001_41002
I15,SCA,BuildingPermits,AT,2016-04-01,111.1,NA,NA,CPA_F41001_41002
I15,SCA,BuildingPermits,AT,2016-01-01,92.5,NA,NA,CPA_F41001_41002
I15,SCA,BuildingPermits,AT,2015-10-01,112.7,NA,NA,CPA_F41001_41002
I15,SCA,BuildingPermits,AT,2015-07-01,99.5,NA,NA,CPA_F41001_41002
I15,SCA,BuildingPermits,AT,2015-04-01,97.7,NA,NA,CPA_F41001_41002
I15,SCA,BuildingPermits,AT,2015-01-01,90,NA,NA,CPA_F41001_41002
I15,SCA,BuildingPermits,AT,2014-10-01,102.1,NA,NA,CPA_F41001_41002
I15,SCA,BuildingPermits,AT,2014-07-01,86.5,NA,NA,CPA_F41001_41002
I15,SCA,BuildingPermits,AT,2014-04-01,85.5,NA,NA,CPA_F41001_41002
I15,SCA,BuildingPermits,AT,2014-01-01,92,NA,NA,CPA_F41001_41002
I15,SCA,BuildingPermits,AT,2013-10-01,86.7,NA,NA,CPA_F41001_41002
I15,SCA,BuildingPermits,AT,2013-07-01,87.9,NA,NA,CPA_F41001_41002
I15,SCA,BuildingPermits,AT,2013-04-01,82.3,NA,NA,CPA_F41001_41002
I15,SCA,BuildingPermits,AT,2013-01-01,86,NA,NA,CPA_F41001_41002
I15,SCA,BuildingPermits,AT,2012-10-01,84.1,NA,NA,CPA_F41001_41002
I15,SCA,BuildingPermits,AT,2012-07-01,83.7,NA,NA,CPA_F41001_41002
I15,SCA,BuildingPermits,AT,2012-04-01,86.1,NA,NA,CPA_F41001_41002
I15,SCA,BuildingPermits,AT,2012-01-01,81.4,NA,NA,CPA_F41001_41002
I15,SCA,BuildingPermits,AT,2011-10-01,102,NA,NA,CPA_F41001_41002
I15,SCA,BuildingPermits,AT,2011-07-01,104.6,NA,NA,CPA_F41001_41002
I15,SCA,BuildingPermits,AT,2011-04-01,86.7,NA,NA,CPA_F41001_41002
I15,SCA,BuildingPermits,AT,2011-01-01,93.9,NA,NA,CPA_F41001_41002
I15,SCA,BuildingPermits,AT,2010-10-01,86.7,NA,NA,CPA_F41001_41002
I15,SCA,BuildingPermits,AT,2010-07-01,91.3,NA,NA,CPA_F41001_41002
I15,SCA,BuildingPermits,AT,2010-04-01,91.1,NA,NA,CPA_F41001_41002
I15,SCA,BuildingPermits,AT,2010-01-01,82.1,NA,NA,CPA_F41001_41002
